date,countryIsoCode,goal6Completions
2021-01-01,AT,0
2021-01-01,CH,2
2021-01-01,DE,21
2021-01-01,FR,7
2021-01-01,IT,4
2021-01-01,SE,2
2021-01-02,AT,2
2021-01-02,CH,0
2021-01-02,DE,20
2021-01-02,FR,10
2021-01-02,IT,12
2021-01-02,SE,2
2021-01-03,AT,1
2021-01-03,CH,1
2021-01-03,DE,18
2021-01-03,FR,10
2021-01-03,IT,21
2021-01-03,SE,3
2021-01-04,AT,6
2021-01-04,CH,3
2021-01-04,DE,35
2021-01-04,FR,17
2021-01-04,IT,23
2021-01-04,SE,10
2021-01-05,AT,4
2021-01-05,CH,4
2021-01-05,DE,32
2021-01-05,FR,17
2021-01-05,IT,28
2021-01-05,SE,5
2021-01-06,AT,4
2021-01-06,CH,5
2021-01-06,DE,39
2021-01-06,FR,22
2021-01-06,IT,15
2021-01-06,SE,9
2021-01-07,AT,3
2021-01-07,CH,3
2021-01-07,DE,32
2021-01-07,FR,18
2021-01-07,IT,27
2021-01-07,SE,11
2021-01-08,AT,2
2021-01-08,CH,4
2021-01-08,DE,30
2021-01-08,FR,26
2021-01-08,IT,28
2021-01-08,SE,6
2021-01-09,AT,4
2021-01-09,CH,2
2021-01-09,DE,19
2021-01-09,FR,12
2021-01-09,IT,18
2021-01-09,SE,3
2021-01-10,AT,5
2021-01-10,CH,1
2021-01-10,DE,21
2021-01-10,FR,10
2021-01-10,IT,17
2021-01-10,SE,4
2021-01-11,AT,1
2021-01-11,CH,4
2021-01-11,DE,29
2021-01-11,FR,31
2021-01-11,IT,25
2021-01-11,SE,7
2021-01-12,AT,4
2021-01-12,CH,5
2021-01-12,DE,26
2021-01-12,FR,34
2021-01-12,IT,34
2021-01-12,SE,10
2021-01-13,AT,1
2021-01-13,CH,1
2021-01-13,DE,29
2021-01-13,FR,25
2021-01-13,IT,25
2021-01-13,SE,17
2021-01-14,AT,4
2021-01-14,CH,2
2021-01-14,DE,32
2021-01-14,FR,27
2021-01-14,IT,21
2021-01-14,SE,17
2021-01-15,AT,2
2021-01-15,CH,3
2021-01-15,DE,16
2021-01-15,FR,27
2021-01-15,IT,23
2021-01-15,SE,7
2021-01-16,AT,0
2021-01-16,CH,0
2021-01-16,DE,16
2021-01-16,FR,4
2021-01-16,IT,16
2021-01-16,SE,3
2021-01-17,AT,1
2021-01-17,CH,2
2021-01-17,DE,16
2021-01-17,FR,15
2021-01-17,IT,13
2021-01-17,SE,4
2021-01-18,AT,5
2021-01-18,CH,2
2021-01-18,DE,33
2021-01-18,FR,35
2021-01-18,IT,25
2021-01-18,SE,12
2021-01-19,AT,5
2021-01-19,CH,3
2021-01-19,DE,28
2021-01-19,FR,29
2021-01-19,IT,32
2021-01-19,SE,12
2021-01-20,AT,1
2021-01-20,CH,3
2021-01-20,DE,29
2021-01-20,FR,30
2021-01-20,IT,31
2021-01-20,SE,10
2021-01-21,AT,3
2021-01-21,CH,2
2021-01-21,DE,23
2021-01-21,FR,21
2021-01-21,IT,32
2021-01-21,SE,9
2021-01-22,AT,2
2021-01-22,CH,4
2021-01-22,DE,34
2021-01-22,FR,20
2021-01-22,IT,36
2021-01-22,SE,10
2021-01-23,AT,1
2021-01-23,CH,2
2021-01-23,DE,19
2021-01-23,FR,20
2021-01-23,IT,19
2021-01-23,SE,3
2021-01-24,AT,0
2021-01-24,CH,3
2021-01-24,DE,15
2021-01-24,FR,16
2021-01-24,IT,17
2021-01-24,SE,6
2021-01-25,AT,2
2021-01-25,CH,2
2021-01-25,DE,31
2021-01-25,FR,21
2021-01-25,IT,26
2021-01-25,SE,8
2021-01-26,AT,1
2021-01-26,CH,3
2021-01-26,DE,34
2021-01-26,FR,28
2021-01-26,IT,33
2021-01-26,SE,12
2021-01-27,AT,4
2021-01-27,CH,2
2021-01-27,DE,28
2021-01-27,FR,25
2021-01-27,IT,35
2021-01-27,SE,14
2021-01-28,AT,3
2021-01-28,CH,4
2021-01-28,DE,35
2021-01-28,FR,20
2021-01-28,IT,22
2021-01-28,SE,10
2021-01-29,AT,3
2021-01-29,CH,3
2021-01-29,DE,24
2021-01-29,FR,29
2021-01-29,IT,26
2021-01-29,SE,5
2021-01-30,AT,6
2021-01-30,CH,3
2021-01-30,DE,25
2021-01-30,FR,10
2021-01-30,IT,13
2021-01-30,SE,5
2021-01-31,AT,2
2021-01-31,CH,7
2021-01-31,DE,18
2021-01-31,FR,10
2021-01-31,IT,17
2021-01-31,SE,1
2021-02-01,AT,1
2021-02-01,CH,7
2021-02-01,DE,33
2021-02-01,FR,15
2021-02-01,IT,30
2021-02-01,SE,15
2021-02-02,AT,3
2021-02-02,CH,4
2021-02-02,DE,47
2021-02-02,FR,25
2021-02-02,IT,32
2021-02-02,SE,7
2021-02-03,AT,4
2021-02-03,CH,4
2021-02-03,DE,47
2021-02-03,FR,33
2021-02-03,IT,33
2021-02-03,SE,6
2021-02-04,AT,0
2021-02-04,CH,3
2021-02-04,DE,29
2021-02-04,FR,18
2021-02-04,IT,21
2021-02-04,SE,14
2021-02-05,AT,1
2021-02-05,CH,3
2021-02-05,DE,33
2021-02-05,FR,16
2021-02-05,IT,15
2021-02-05,SE,9
2021-02-06,AT,2
2021-02-06,CH,4
2021-02-06,DE,18
2021-02-06,FR,14
2021-02-06,IT,13
2021-02-06,SE,2
2021-02-07,AT,3
2021-02-07,CH,0
2021-02-07,DE,17
2021-02-07,FR,14
2021-02-07,IT,10
2021-02-07,SE,6
2021-02-08,AT,4
2021-02-08,CH,3
2021-02-08,DE,24
2021-02-08,FR,25
2021-02-08,IT,30
2021-02-08,SE,3
2021-02-09,AT,2
2021-02-09,CH,4
2021-02-09,DE,31
2021-02-09,FR,30
2021-02-09,IT,22
2021-02-09,SE,7
2021-02-10,AT,3
2021-02-10,CH,3
2021-02-10,DE,43
2021-02-10,FR,26
2021-02-10,IT,34
2021-02-10,SE,12
2021-02-11,AT,2
2021-02-11,CH,7
2021-02-11,DE,28
2021-02-11,FR,27
2021-02-11,IT,26
2021-02-11,SE,11
2021-02-12,AT,6
2021-02-12,CH,1
2021-02-12,DE,35
2021-02-12,FR,25
2021-02-12,IT,31
2021-02-12,SE,11
2021-02-13,AT,1
2021-02-13,CH,3
2021-02-13,DE,19
2021-02-13,FR,5
2021-02-13,IT,14
2021-02-13,SE,8
2021-02-14,AT,1
2021-02-14,CH,0
2021-02-14,DE,15
2021-02-14,FR,11
2021-02-14,IT,16
2021-02-14,SE,6
2021-02-15,AT,6
2021-02-15,CH,3
2021-02-15,DE,23
2021-02-15,FR,13
2021-02-15,IT,43
2021-02-15,SE,7
2021-02-16,AT,5
2021-02-16,CH,4
2021-02-16,DE,32
2021-02-16,FR,29
2021-02-16,IT,32
2021-02-16,SE,12
2021-02-17,AT,1
2021-02-17,CH,7
2021-02-17,DE,34
2021-02-17,FR,19
2021-02-17,IT,27
2021-02-17,SE,11
2021-02-18,AT,1
2021-02-18,CH,4
2021-02-18,DE,25
2021-02-18,FR,23
2021-02-18,IT,30
2021-02-18,SE,12
2021-02-19,AT,1
2021-02-19,CH,1
2021-02-19,DE,19
2021-02-19,FR,19
2021-02-19,IT,33
2021-02-19,SE,7
2021-02-20,AT,1
2021-02-20,CH,2
2021-02-20,DE,21
2021-02-20,FR,10
2021-02-20,IT,19
2021-02-20,SE,2
2021-02-21,AT,2
2021-02-21,CH,0
2021-02-21,DE,17
2021-02-21,FR,11
2021-02-21,IT,8
2021-02-21,SE,4
2021-02-22,AT,3
2021-02-22,CH,5
2021-02-22,DE,31
2021-02-22,FR,19
2021-02-22,IT,25
2021-02-22,SE,8
2021-02-23,AT,2
2021-02-23,CH,8
2021-02-23,DE,36
2021-02-23,FR,23
2021-02-23,IT,18
2021-02-23,SE,12
2021-02-24,AT,1
2021-02-24,CH,1
2021-02-24,DE,34
2021-02-24,FR,15
2021-02-24,IT,32
2021-02-24,SE,12
2021-02-25,AT,1
2021-02-25,CH,4
2021-02-25,DE,23
2021-02-25,FR,27
2021-02-25,IT,25
2021-02-25,SE,9
2021-02-26,AT,3
2021-02-26,CH,0
2021-02-26,DE,20
2021-02-26,FR,16
2021-02-26,IT,24
2021-02-26,SE,6
2021-02-27,AT,1
2021-02-27,CH,2
2021-02-27,DE,9
2021-02-27,FR,13
2021-02-27,IT,14
2021-02-27,SE,2
2021-02-28,AT,0
2021-02-28,CH,1
2021-02-28,DE,14
2021-02-28,FR,10
2021-02-28,IT,6
2021-02-28,SE,2
2021-03-01,AT,1
2021-03-01,CH,4
2021-03-01,DE,22
2021-03-01,FR,31
2021-03-01,IT,34
2021-03-01,SE,10
2021-03-02,AT,1
2021-03-02,CH,4
2021-03-02,DE,38
2021-03-02,FR,23
2021-03-02,IT,20
2021-03-02,SE,7
2021-03-03,AT,2
2021-03-03,CH,4
2021-03-03,DE,29
2021-03-03,FR,23
2021-03-03,IT,29
2021-03-03,SE,9
2021-03-04,AT,4
2021-03-04,CH,3
2021-03-04,DE,35
2021-03-04,FR,22
2021-03-04,IT,25
2021-03-04,SE,10
2021-03-05,AT,2
2021-03-05,CH,3
2021-03-05,DE,33
2021-03-05,FR,23
2021-03-05,IT,25
2021-03-05,SE,9
2021-03-06,AT,4
2021-03-06,CH,1
2021-03-06,DE,17
2021-03-06,FR,10
2021-03-06,IT,16
2021-03-06,SE,4
2021-03-07,AT,0
2021-03-07,CH,4
2021-03-07,DE,19
2021-03-07,FR,14
2021-03-07,IT,15
2021-03-07,SE,9
2021-03-08,AT,3
2021-03-08,CH,5
2021-03-08,DE,27
2021-03-08,FR,22
2021-03-08,IT,22
2021-03-08,SE,6
2021-03-09,AT,0
2021-03-09,CH,4
2021-03-09,DE,24
2021-03-09,FR,24
2021-03-09,IT,23
2021-03-09,SE,7
2021-03-10,AT,5
2021-03-10,CH,5
2021-03-10,DE,31
2021-03-10,FR,22
2021-03-10,IT,29
2021-03-10,SE,9
2021-03-11,AT,2
2021-03-11,CH,1
2021-03-11,DE,33
2021-03-11,FR,18
2021-03-11,IT,29
2021-03-11,SE,7
2021-03-12,AT,4
2021-03-12,CH,2
2021-03-12,DE,22
2021-03-12,FR,18
2021-03-12,IT,18
2021-03-12,SE,10
2021-03-13,AT,2
2021-03-13,CH,1
2021-03-13,DE,14
2021-03-13,FR,15
2021-03-13,IT,15
2021-03-13,SE,8
2021-03-14,AT,1
2021-03-14,CH,1
2021-03-14,DE,15
2021-03-14,FR,15
2021-03-14,IT,19
2021-03-14,SE,8
2021-03-15,AT,1
2021-03-15,CH,0
2021-03-15,DE,29
2021-03-15,FR,22
2021-03-15,IT,29
2021-03-15,SE,7
2021-03-16,AT,8
2021-03-16,CH,3
2021-03-16,DE,19
2021-03-16,FR,30
2021-03-16,IT,23
2021-03-16,SE,6
2021-03-17,AT,2
2021-03-17,CH,2
2021-03-17,DE,34
2021-03-17,FR,18
2021-03-17,IT,21
2021-03-17,SE,10
2021-03-18,AT,4
2021-03-18,CH,4
2021-03-18,DE,21
2021-03-18,FR,24
2021-03-18,IT,36
2021-03-18,SE,8
2021-03-19,AT,0
2021-03-19,CH,2
2021-03-19,DE,24
2021-03-19,FR,15
2021-03-19,IT,22
2021-03-19,SE,11
2021-03-20,AT,1
2021-03-20,CH,4
2021-03-20,DE,10
2021-03-20,FR,12
2021-03-20,IT,15
2021-03-20,SE,4
2021-03-21,AT,0
2021-03-21,CH,2
2021-03-21,DE,28
2021-03-21,FR,15
2021-03-21,IT,19
2021-03-21,SE,4
2021-03-22,AT,3
2021-03-22,CH,3
2021-03-22,DE,29
2021-03-22,FR,20
2021-03-22,IT,39
2021-03-22,SE,5
2021-03-23,AT,2
2021-03-23,CH,5
2021-03-23,DE,33
2021-03-23,FR,21
2021-03-23,IT,41
2021-03-23,SE,9
2021-03-24,AT,2
2021-03-24,CH,3
2021-03-24,DE,26
2021-03-24,FR,13
2021-03-24,IT,35
2021-03-24,SE,7
2021-03-25,AT,2
2021-03-25,CH,1
2021-03-25,DE,29
2021-03-25,FR,26
2021-03-25,IT,26
2021-03-25,SE,10
2021-03-26,AT,5
2021-03-26,CH,2
2021-03-26,DE,24
2021-03-26,FR,24
2021-03-26,IT,22
2021-03-26,SE,7
2021-03-27,AT,0
2021-03-27,CH,3
2021-03-27,DE,15
2021-03-27,FR,12
2021-03-27,IT,10
2021-03-27,SE,5
2021-03-28,AT,1
2021-03-28,CH,0
2021-03-28,DE,15
2021-03-28,FR,6
2021-03-28,IT,13
2021-03-28,SE,5
2021-03-29,AT,4
2021-03-29,CH,4
2021-03-29,DE,33
2021-03-29,FR,19
2021-03-29,IT,34
2021-03-29,SE,7
2021-03-30,AT,4
2021-03-30,CH,2
2021-03-30,DE,27
2021-03-30,FR,28
2021-03-30,IT,29
2021-03-30,SE,13
2021-03-31,AT,2
2021-03-31,CH,6
2021-03-31,DE,37
2021-03-31,FR,22
2021-03-31,IT,28
2021-03-31,SE,6
2021-04-01,AT,3
2021-04-01,CH,0
2021-04-01,DE,25
2021-04-01,FR,23
2021-04-01,IT,23
2021-04-01,SE,12
2021-04-02,AT,1
2021-04-02,CH,2
2021-04-02,DE,18
2021-04-02,FR,25
2021-04-02,IT,25
2021-04-02,SE,1
2021-04-03,AT,2
2021-04-03,CH,2
2021-04-03,DE,17
2021-04-03,FR,7
2021-04-03,IT,9
2021-04-03,SE,2
2021-04-04,AT,2
2021-04-04,CH,1
2021-04-04,DE,13
2021-04-04,FR,8
2021-04-04,IT,10
2021-04-04,SE,3
2021-04-05,AT,2
2021-04-05,CH,1
2021-04-05,DE,20
2021-04-05,FR,15
2021-04-05,IT,8
2021-04-05,SE,8
2021-04-06,AT,2
2021-04-06,CH,3
2021-04-06,DE,38
2021-04-06,FR,18
2021-04-06,IT,30
2021-04-06,SE,11
2021-04-07,AT,5
2021-04-07,CH,5
2021-04-07,DE,29
2021-04-07,FR,30
2021-04-07,IT,42
2021-04-07,SE,7
2021-04-08,AT,2
2021-04-08,CH,2
2021-04-08,DE,17
2021-04-08,FR,24
2021-04-08,IT,35
2021-04-08,SE,6
2021-04-09,AT,2
2021-04-09,CH,7
2021-04-09,DE,23
2021-04-09,FR,24
2021-04-09,IT,24
2021-04-09,SE,8
2021-04-10,AT,2
2021-04-10,CH,2
2021-04-10,DE,13
2021-04-10,FR,12
2021-04-10,IT,8
2021-04-10,SE,2
2021-04-11,AT,1
2021-04-11,CH,2
2021-04-11,DE,15
2021-04-11,FR,16
2021-04-11,IT,14
2021-04-11,SE,5
2021-04-12,AT,4
2021-04-12,CH,0
2021-04-12,DE,33
2021-04-12,FR,27
2021-04-12,IT,29
2021-04-12,SE,11
2021-04-13,AT,6
2021-04-13,CH,3
2021-04-13,DE,29
2021-04-13,FR,21
2021-04-13,IT,23
2021-04-13,SE,5
2021-04-14,AT,3
2021-04-14,CH,2
2021-04-14,DE,24
2021-04-14,FR,20
2021-04-14,IT,25
2021-04-14,SE,9
2021-04-15,AT,1
2021-04-15,CH,2
2021-04-15,DE,36
2021-04-15,FR,15
2021-04-15,IT,39
2021-04-15,SE,9
2021-04-16,AT,3
2021-04-16,CH,1
2021-04-16,DE,25
2021-04-16,FR,21
2021-04-16,IT,31
2021-04-16,SE,6
2021-04-17,AT,2
2021-04-17,CH,3
2021-04-17,DE,12
2021-04-17,FR,9
2021-04-17,IT,21
2021-04-17,SE,5
2021-04-18,AT,1
2021-04-18,CH,1
2021-04-18,DE,23
2021-04-18,FR,12
2021-04-18,IT,16
2021-04-18,SE,0
2021-04-19,AT,9
2021-04-19,CH,1
2021-04-19,DE,31
2021-04-19,FR,26
2021-04-19,IT,26
2021-04-19,SE,5
2021-04-20,AT,2
2021-04-20,CH,4
2021-04-20,DE,36
2021-04-20,FR,37
2021-04-20,IT,34
2021-04-20,SE,12
2021-04-21,AT,3
2021-04-21,CH,4
2021-04-21,DE,27
2021-04-21,FR,27
2021-04-21,IT,27
2021-04-21,SE,12
2021-04-22,AT,3
2021-04-22,CH,3
2021-04-22,DE,38
2021-04-22,FR,25
2021-04-22,IT,36
2021-04-22,SE,7
2021-04-23,AT,4
2021-04-23,CH,4
2021-04-23,DE,23
2021-04-23,FR,15
2021-04-23,IT,22
2021-04-23,SE,11
2021-04-24,AT,2
2021-04-24,CH,4
2021-04-24,DE,25
2021-04-24,FR,11
2021-04-24,IT,9
2021-04-24,SE,2
2021-04-25,AT,4
2021-04-25,CH,0
2021-04-25,DE,13
2021-04-25,FR,13
2021-04-25,IT,13
2021-04-25,SE,5
2021-04-26,AT,4
2021-04-26,CH,3
2021-04-26,DE,32
2021-04-26,FR,17
2021-04-26,IT,20
2021-04-26,SE,7
2021-04-27,AT,1
2021-04-27,CH,4
2021-04-27,DE,27
2021-04-27,FR,45
2021-04-27,IT,31
2021-04-27,SE,6
2021-04-28,AT,2
2021-04-28,CH,3
2021-04-28,DE,39
2021-04-28,FR,23
2021-04-28,IT,27
2021-04-28,SE,8
2021-04-29,AT,2
2021-04-29,CH,4
2021-04-29,DE,20
2021-04-29,FR,24
2021-04-29,IT,29
2021-04-29,SE,6
2021-04-30,AT,0
2021-04-30,CH,0
2021-04-30,DE,31
2021-04-30,FR,18
2021-04-30,IT,20
2021-04-30,SE,4
2021-05-01,AT,3
2021-05-01,CH,3
2021-05-01,DE,18
2021-05-01,FR,10
2021-05-01,IT,8
2021-05-01,SE,6
2021-05-02,AT,4
2021-05-02,CH,1
2021-05-02,DE,17
2021-05-02,FR,22
2021-05-02,IT,16
2021-05-02,SE,6
2021-05-03,AT,2
2021-05-03,CH,4
2021-05-03,DE,26
2021-05-03,FR,15
2021-05-03,IT,17
2021-05-03,SE,7
2021-05-04,AT,4
2021-05-04,CH,3
2021-05-04,DE,38
2021-05-04,FR,22
2021-05-04,IT,27
2021-05-04,SE,5
2021-05-05,AT,1
2021-05-05,CH,2
2021-05-05,DE,24
2021-05-05,FR,21
2021-05-05,IT,35
2021-05-05,SE,16
2021-05-06,AT,6
2021-05-06,CH,4
2021-05-06,DE,22
2021-05-06,FR,27
2021-05-06,IT,19
2021-05-06,SE,8
2021-05-07,AT,3
2021-05-07,CH,4
2021-05-07,DE,27
2021-05-07,FR,15
2021-05-07,IT,24
2021-05-07,SE,5
2021-05-08,AT,2
2021-05-08,CH,2
2021-05-08,DE,8
2021-05-08,FR,8
2021-05-08,IT,10
2021-05-08,SE,6
2021-05-09,AT,0
2021-05-09,CH,0
2021-05-09,DE,9
2021-05-09,FR,10
2021-05-09,IT,10
2021-05-09,SE,1
2021-05-10,AT,1
2021-05-10,CH,4
2021-05-10,DE,25
2021-05-10,FR,27
2021-05-10,IT,26
2021-05-10,SE,5
2021-05-11,AT,3
2021-05-11,CH,0
2021-05-11,DE,21
2021-05-11,FR,28
2021-05-11,IT,27
2021-05-11,SE,9
2021-05-12,AT,3
2021-05-12,CH,5
2021-05-12,DE,28
2021-05-12,FR,31
2021-05-12,IT,19
2021-05-12,SE,10
2021-05-13,AT,1
2021-05-13,CH,1
2021-05-13,DE,15
2021-05-13,FR,15
2021-05-13,IT,19
2021-05-13,SE,5
2021-05-14,AT,3
2021-05-14,CH,1
2021-05-14,DE,25
2021-05-14,FR,17
2021-05-14,IT,21
2021-05-14,SE,4
2021-05-15,AT,0
2021-05-15,CH,1
2021-05-15,DE,13
2021-05-15,FR,14
2021-05-15,IT,13
2021-05-15,SE,2
2021-05-16,AT,2
2021-05-16,CH,0
2021-05-16,DE,11
2021-05-16,FR,17
2021-05-16,IT,8
2021-05-16,SE,2
2021-05-17,AT,1
2021-05-17,CH,3
2021-05-17,DE,22
2021-05-17,FR,14
2021-05-17,IT,25
2021-05-17,SE,6
2021-05-18,AT,3
2021-05-18,CH,3
2021-05-18,DE,41
2021-05-18,FR,28
2021-05-18,IT,27
2021-05-18,SE,10
2021-05-19,AT,0
2021-05-19,CH,3
2021-05-19,DE,26
2021-05-19,FR,22
2021-05-19,IT,27
2021-05-19,SE,9
2021-05-20,AT,4
2021-05-20,CH,0
2021-05-20,DE,32
2021-05-20,FR,17
2021-05-20,IT,23
2021-05-20,SE,9
2021-05-21,AT,1
2021-05-21,CH,2
2021-05-21,DE,17
2021-05-21,FR,23
2021-05-21,IT,18
2021-05-21,SE,8
2021-05-22,AT,1
2021-05-22,CH,3
2021-05-22,DE,19
2021-05-22,FR,15
2021-05-22,IT,11
2021-05-22,SE,2
2021-05-23,AT,1
2021-05-23,CH,1
2021-05-23,DE,22
2021-05-23,FR,16
2021-05-23,IT,16
2021-05-23,SE,3
2021-05-24,AT,1
2021-05-24,CH,4
2021-05-24,DE,11
2021-05-24,FR,23
2021-05-24,IT,37
2021-05-24,SE,14
2021-05-25,AT,3
2021-05-25,CH,5
2021-05-25,DE,24
2021-05-25,FR,23
2021-05-25,IT,28
2021-05-25,SE,8
2021-05-26,AT,3
2021-05-26,CH,1
2021-05-26,DE,40
2021-05-26,FR,30
2021-05-26,IT,22
2021-05-26,SE,7
2021-05-27,AT,1
2021-05-27,CH,5
2021-05-27,DE,28
2021-05-27,FR,30
2021-05-27,IT,33
2021-05-27,SE,11
2021-05-28,AT,4
2021-05-28,CH,3
2021-05-28,DE,23
2021-05-28,FR,21
2021-05-28,IT,21
2021-05-28,SE,5
2021-05-29,AT,1
2021-05-29,CH,3
2021-05-29,DE,13
2021-05-29,FR,8
2021-05-29,IT,10
2021-05-29,SE,1
2021-05-30,AT,1
2021-05-30,CH,3
2021-05-30,DE,14
2021-05-30,FR,10
2021-05-30,IT,4
2021-05-30,SE,1
2021-05-31,AT,4
2021-05-31,CH,3
2021-05-31,DE,25
2021-05-31,FR,26
2021-05-31,IT,16
2021-05-31,SE,4
2021-06-01,AT,1
2021-06-01,CH,7
2021-06-01,DE,22
2021-06-01,FR,19
2021-06-01,IT,14
2021-06-01,SE,5
2021-06-02,AT,3
2021-06-02,CH,1
2021-06-02,DE,23
2021-06-02,FR,20
2021-06-02,IT,8
2021-06-02,SE,11
2021-06-03,AT,1
2021-06-03,CH,4
2021-06-03,DE,22
2021-06-03,FR,20
2021-06-03,IT,18
2021-06-03,SE,13
2021-06-04,AT,0
2021-06-04,CH,1
2021-06-04,DE,19
2021-06-04,FR,14
2021-06-04,IT,24
2021-06-04,SE,6
2021-06-05,AT,2
2021-06-05,CH,0
2021-06-05,DE,17
2021-06-05,FR,15
2021-06-05,IT,5
2021-06-05,SE,0
2021-06-06,AT,2
2021-06-06,CH,1
2021-06-06,DE,12
2021-06-06,FR,7
2021-06-06,IT,8
2021-06-06,SE,3
2021-06-07,AT,0
2021-06-07,CH,7
2021-06-07,DE,15
2021-06-07,FR,19
2021-06-07,IT,17
2021-06-07,SE,3
2021-06-08,AT,7
2021-06-08,CH,5
2021-06-08,DE,39
2021-06-08,FR,16
2021-06-08,IT,8
2021-06-08,SE,14
2021-06-09,AT,3
2021-06-09,CH,4
2021-06-09,DE,24
2021-06-09,FR,19
2021-06-09,IT,19
2021-06-09,SE,7
2021-06-10,AT,8
2021-06-10,CH,6
2021-06-10,DE,23
2021-06-10,FR,26
2021-06-10,IT,18
2021-06-10,SE,0
2021-06-11,AT,1
2021-06-11,CH,2
2021-06-11,DE,25
2021-06-11,FR,15
2021-06-11,IT,13
2021-06-11,SE,4
2021-06-12,AT,0
2021-06-12,CH,1
2021-06-12,DE,12
2021-06-12,FR,10
2021-06-12,IT,11
2021-06-12,SE,2
2021-06-13,AT,0
2021-06-13,CH,3
2021-06-13,DE,18
2021-06-13,FR,9
2021-06-13,IT,3
2021-06-13,SE,4
2021-06-14,AT,0
2021-06-14,CH,3
2021-06-14,DE,17
2021-06-14,FR,21
2021-06-14,IT,14
2021-06-14,SE,8
2021-06-15,AT,2
2021-06-15,CH,1
2021-06-15,DE,20
2021-06-15,FR,21
2021-06-15,IT,15
2021-06-15,SE,5
2021-06-16,AT,3
2021-06-16,CH,3
2021-06-16,DE,36
2021-06-16,FR,16
2021-06-16,IT,16
2021-06-16,SE,11
2021-06-17,AT,0
2021-06-17,CH,5
2021-06-17,DE,25
2021-06-17,FR,18
2021-06-17,IT,19
2021-06-17,SE,6
2021-06-18,AT,3
2021-06-18,CH,6
2021-06-18,DE,20
2021-06-18,FR,19
2021-06-18,IT,14
2021-06-18,SE,3
2021-06-19,AT,1
2021-06-19,CH,2
2021-06-19,DE,4
2021-06-19,FR,9
2021-06-19,IT,13
2021-06-19,SE,1
2021-06-20,AT,3
2021-06-20,CH,1
2021-06-20,DE,9
2021-06-20,FR,11
2021-06-20,IT,6
2021-06-20,SE,0
2021-06-21,AT,2
2021-06-21,CH,5
2021-06-21,DE,23
2021-06-21,FR,19
2021-06-21,IT,21
2021-06-21,SE,10
2021-06-22,AT,1
2021-06-22,CH,3
2021-06-22,DE,31
2021-06-22,FR,23
2021-06-22,IT,18
2021-06-22,SE,5
2021-06-23,AT,1
2021-06-23,CH,3
2021-06-23,DE,30
2021-06-23,FR,20
2021-06-23,IT,15
2021-06-23,SE,9
2021-06-24,AT,2
2021-06-24,CH,5
2021-06-24,DE,34
2021-06-24,FR,28
2021-06-24,IT,26
2021-06-24,SE,3
2021-06-25,AT,1
2021-06-25,CH,5
2021-06-25,DE,19
2021-06-25,FR,13
2021-06-25,IT,16
2021-06-25,SE,1
2021-06-26,AT,0
2021-06-26,CH,0
2021-06-26,DE,15
2021-06-26,FR,9
2021-06-26,IT,9
2021-06-26,SE,3
2021-06-27,AT,0
2021-06-27,CH,1
2021-06-27,DE,6
2021-06-27,FR,8
2021-06-27,IT,5
2021-06-27,SE,3
2021-06-28,AT,2
2021-06-28,CH,1
2021-06-28,DE,15
2021-06-28,FR,21
2021-06-28,IT,15
2021-06-28,SE,7
2021-06-29,AT,3
2021-06-29,CH,3
2021-06-29,DE,21
2021-06-29,FR,24
2021-06-29,IT,19
2021-06-29,SE,5
2021-06-30,AT,1
2021-06-30,CH,2
2021-06-30,DE,18
2021-06-30,FR,25
2021-06-30,IT,24
2021-06-30,SE,3
2021-07-01,AT,4
2021-07-01,CH,4
2021-07-01,DE,19
2021-07-01,FR,17
2021-07-01,IT,16
2021-07-01,SE,8
2021-07-02,AT,2
2021-07-02,CH,2
2021-07-02,DE,24
2021-07-02,FR,22
2021-07-02,IT,19
2021-07-02,SE,7
2021-07-03,AT,1
2021-07-03,CH,2
2021-07-03,DE,7
2021-07-03,FR,5
2021-07-03,IT,4
2021-07-03,SE,0
2021-07-04,AT,2
2021-07-04,CH,3
2021-07-04,DE,12
2021-07-04,FR,6
2021-07-04,IT,4
2021-07-04,SE,5
2021-07-05,AT,5
2021-07-05,CH,4
2021-07-05,DE,27
2021-07-05,FR,18
2021-07-05,IT,26
2021-07-05,SE,3
2021-07-06,AT,7
2021-07-06,CH,4
2021-07-06,DE,22
2021-07-06,FR,23
2021-07-06,IT,18
2021-07-06,SE,6
2021-07-07,AT,4
2021-07-07,CH,6
2021-07-07,DE,24
2021-07-07,FR,19
2021-07-07,IT,15
2021-07-07,SE,6
2021-07-08,AT,3
2021-07-08,CH,4
2021-07-08,DE,32
2021-07-08,FR,23
2021-07-08,IT,17
2021-07-08,SE,8
2021-07-09,AT,3
2021-07-09,CH,2
2021-07-09,DE,20
2021-07-09,FR,29
2021-07-09,IT,14
2021-07-09,SE,10
2021-07-10,AT,0
2021-07-10,CH,0
2021-07-10,DE,11
2021-07-10,FR,4
2021-07-10,IT,8
2021-07-10,SE,5
2021-07-11,AT,1
2021-07-11,CH,0
2021-07-11,DE,13
2021-07-11,FR,9
2021-07-11,IT,5
2021-07-11,SE,1
2021-07-12,AT,1
2021-07-12,CH,3
2021-07-12,DE,20
2021-07-12,FR,18
2021-07-12,IT,18
2021-07-12,SE,3
2021-07-13,AT,2
2021-07-13,CH,4
2021-07-13,DE,28
2021-07-13,FR,24
2021-07-13,IT,24
2021-07-13,SE,6
2021-07-14,AT,3
2021-07-14,CH,3
2021-07-14,DE,24
2021-07-14,FR,17
2021-07-14,IT,17
2021-07-14,SE,11
2021-07-15,AT,1
2021-07-15,CH,3
2021-07-15,DE,14
2021-07-15,FR,19
2021-07-15,IT,15
2021-07-15,SE,3
2021-07-16,AT,1
2021-07-16,CH,2
2021-07-16,DE,20
2021-07-16,FR,13
2021-07-16,IT,15
2021-07-16,SE,4
2021-07-17,AT,2
2021-07-17,CH,2
2021-07-17,DE,16
2021-07-17,FR,6
2021-07-17,IT,10
2021-07-17,SE,2
2021-07-18,AT,0
2021-07-18,CH,0
2021-07-18,DE,10
2021-07-18,FR,10
2021-07-18,IT,4
2021-07-18,SE,3
2021-07-19,AT,2
2021-07-19,CH,7
2021-07-19,DE,23
2021-07-19,FR,13
2021-07-19,IT,16
2021-07-19,SE,5
2021-07-20,AT,1
2021-07-20,CH,4
2021-07-20,DE,20
2021-07-20,FR,17
2021-07-20,IT,28
2021-07-20,SE,3
2021-07-21,AT,3
2021-07-21,CH,0
2021-07-21,DE,24
2021-07-21,FR,12
2021-07-21,IT,12
2021-07-21,SE,2
2021-07-22,AT,1
2021-07-22,CH,4
2021-07-22,DE,33
2021-07-22,FR,12
2021-07-22,IT,26
2021-07-22,SE,4
2021-07-23,AT,0
2021-07-23,CH,2
2021-07-23,DE,16
2021-07-23,FR,8
2021-07-23,IT,8
2021-07-23,SE,2
2021-07-24,AT,0
2021-07-24,CH,0
2021-07-24,DE,10
2021-07-24,FR,8
2021-07-24,IT,3
2021-07-24,SE,4
2021-07-25,AT,1
2021-07-25,CH,4
2021-07-25,DE,8
2021-07-25,FR,8
2021-07-25,IT,3
2021-07-25,SE,0
2021-07-26,AT,4
2021-07-26,CH,3
2021-07-26,DE,18
2021-07-26,FR,15
2021-07-26,IT,24
2021-07-26,SE,1
2021-07-27,AT,3
2021-07-27,CH,1
2021-07-27,DE,16
2021-07-27,FR,16
2021-07-27,IT,13
2021-07-27,SE,5
2021-07-28,AT,1
2021-07-28,CH,1
2021-07-28,DE,17
2021-07-28,FR,15
2021-07-28,IT,15
2021-07-28,SE,6
2021-07-29,AT,1
2021-07-29,CH,3
2021-07-29,DE,24
2021-07-29,FR,11
2021-07-29,IT,20
2021-07-29,SE,7
2021-07-30,AT,3
2021-07-30,CH,0
2021-07-30,DE,14
2021-07-30,FR,17
2021-07-30,IT,10
2021-07-30,SE,7
2021-07-31,AT,0
2021-07-31,CH,1
2021-07-31,DE,10
2021-07-31,FR,11
2021-07-31,IT,3
2021-07-31,SE,2
2021-08-01,AT,1
2021-08-01,CH,2
2021-08-01,DE,12
2021-08-01,FR,3
2021-08-01,IT,13
2021-08-01,SE,4
2021-08-02,AT,4
2021-08-02,CH,1
2021-08-02,DE,16
2021-08-02,FR,14
2021-08-02,IT,17
2021-08-02,SE,3
2021-08-03,AT,3
2021-08-03,CH,3
2021-08-03,DE,20
2021-08-03,FR,14
2021-08-03,IT,12
2021-08-03,SE,7
2021-08-04,AT,1
2021-08-04,CH,1
2021-08-04,DE,22
2021-08-04,FR,19
2021-08-04,IT,15
2021-08-04,SE,4
2021-08-05,AT,1
2021-08-05,CH,3
2021-08-05,DE,16
2021-08-05,FR,16
2021-08-05,IT,18
2021-08-05,SE,5
2021-08-06,AT,0
2021-08-06,CH,1
2021-08-06,DE,19
2021-08-06,FR,12
2021-08-06,IT,18
2021-08-06,SE,9
2021-08-07,AT,0
2021-08-07,CH,1
2021-08-07,DE,12
2021-08-07,FR,3
2021-08-07,IT,3
2021-08-07,SE,2
2021-08-08,AT,1
2021-08-08,CH,2
2021-08-08,DE,8
2021-08-08,FR,9
2021-08-08,IT,7
2021-08-08,SE,3
2021-08-09,AT,4
2021-08-09,CH,2
2021-08-09,DE,24
2021-08-09,FR,8
2021-08-09,IT,12
2021-08-09,SE,11
2021-08-10,AT,4
2021-08-10,CH,4
2021-08-10,DE,12
2021-08-10,FR,8
2021-08-10,IT,6
2021-08-10,SE,3
2021-08-11,AT,1
2021-08-11,CH,0
2021-08-11,DE,21
2021-08-11,FR,17
2021-08-11,IT,12
2021-08-11,SE,9
2021-08-12,AT,0
2021-08-12,CH,2
2021-08-12,DE,22
2021-08-12,FR,17
2021-08-12,IT,6
2021-08-12,SE,9
2021-08-13,AT,1
2021-08-13,CH,1
2021-08-13,DE,12
2021-08-13,FR,6
2021-08-13,IT,9
2021-08-13,SE,2
2021-08-14,AT,2
2021-08-14,CH,0
2021-08-14,DE,9
2021-08-14,FR,6
2021-08-14,IT,6
2021-08-14,SE,4
2021-08-15,AT,0
2021-08-15,CH,2
2021-08-15,DE,10
2021-08-15,FR,12
2021-08-15,IT,1
2021-08-15,SE,4
2021-08-16,AT,3
2021-08-16,CH,10
2021-08-16,DE,35
2021-08-16,FR,18
2021-08-16,IT,15
2021-08-16,SE,7
2021-08-17,AT,3
2021-08-17,CH,4
2021-08-17,DE,19
2021-08-17,FR,25
2021-08-17,IT,11
2021-08-17,SE,11
2021-08-18,AT,4
2021-08-18,CH,3
2021-08-18,DE,21
2021-08-18,FR,18
2021-08-18,IT,15
2021-08-18,SE,7
2021-08-19,AT,2
2021-08-19,CH,2
2021-08-19,DE,21
2021-08-19,FR,21
2021-08-19,IT,14
2021-08-19,SE,8
2021-08-20,AT,1
2021-08-20,CH,2
2021-08-20,DE,24
2021-08-20,FR,18
2021-08-20,IT,10
2021-08-20,SE,12
2021-08-21,AT,1
2021-08-21,CH,3
2021-08-21,DE,6
2021-08-21,FR,8
2021-08-21,IT,3
2021-08-21,SE,0
2021-08-22,AT,2
2021-08-22,CH,0
2021-08-22,DE,16
2021-08-22,FR,11
2021-08-22,IT,10
2021-08-22,SE,1
2021-08-23,AT,3
2021-08-23,CH,1
2021-08-23,DE,31
2021-08-23,FR,22
2021-08-23,IT,10
2021-08-23,SE,5
2021-08-24,AT,2
2021-08-24,CH,4
2021-08-24,DE,29
2021-08-24,FR,20
2021-08-24,IT,9
2021-08-24,SE,7
2021-08-25,AT,2
2021-08-25,CH,2
2021-08-25,DE,22
2021-08-25,FR,20
2021-08-25,IT,17
2021-08-25,SE,8
2021-08-26,AT,4
2021-08-26,CH,4
2021-08-26,DE,25
2021-08-26,FR,13
2021-08-26,IT,14
2021-08-26,SE,9
2021-08-27,AT,3
2021-08-27,CH,1
2021-08-27,DE,21
2021-08-27,FR,19
2021-08-27,IT,8
2021-08-27,SE,7
2021-08-28,AT,2
2021-08-28,CH,3
2021-08-28,DE,9
2021-08-28,FR,7
2021-08-28,IT,7
2021-08-28,SE,3
2021-08-29,AT,1
2021-08-29,CH,1
2021-08-29,DE,11
2021-08-29,FR,8
2021-08-29,IT,7
2021-08-29,SE,2
2021-08-30,AT,4
2021-08-30,CH,1
2021-08-30,DE,18
2021-08-30,FR,17
2021-08-30,IT,22
2021-08-30,SE,11
2021-08-31,AT,3
2021-08-31,CH,3
2021-08-31,DE,21
2021-08-31,FR,10
2021-08-31,IT,13
2021-08-31,SE,6
2021-09-01,AT,5
2021-09-01,CH,3
2021-09-01,DE,27
2021-09-01,FR,14
2021-09-01,IT,17
2021-09-01,SE,6
2021-09-02,AT,1
2021-09-02,CH,2
2021-09-02,DE,23
2021-09-02,FR,16
2021-09-02,IT,30
2021-09-02,SE,6
2021-09-03,AT,3
2021-09-03,CH,2
2021-09-03,DE,22
2021-09-03,FR,15
2021-09-03,IT,11
2021-09-03,SE,7
2021-09-04,AT,0
2021-09-04,CH,2
2021-09-04,DE,9
2021-09-04,FR,8
2021-09-04,IT,15
2021-09-04,SE,0
2021-09-05,AT,0
2021-09-05,CH,4
2021-09-05,DE,16
2021-09-05,FR,9
2021-09-05,IT,8
2021-09-05,SE,5
2021-09-06,AT,5
2021-09-06,CH,3
2021-09-06,DE,18
2021-09-06,FR,11
2021-09-06,IT,26
2021-09-06,SE,8
2021-09-07,AT,2
2021-09-07,CH,3
2021-09-07,DE,30
2021-09-07,FR,23
2021-09-07,IT,27
2021-09-07,SE,5
2021-09-08,AT,4
2021-09-08,CH,0
2021-09-08,DE,20
2021-09-08,FR,11
2021-09-08,IT,19
2021-09-08,SE,5
2021-09-09,AT,2
2021-09-09,CH,1
2021-09-09,DE,21
2021-09-09,FR,18
2021-09-09,IT,14
2021-09-09,SE,6
2021-09-10,AT,2
2021-09-10,CH,3
2021-09-10,DE,20
2021-09-10,FR,15
2021-09-10,IT,6
2021-09-10,SE,6
2021-09-11,AT,1
2021-09-11,CH,1
2021-09-11,DE,13
2021-09-11,FR,4
2021-09-11,IT,11
2021-09-11,SE,1
2021-09-12,AT,1
2021-09-12,CH,2
2021-09-12,DE,16
2021-09-12,FR,14
2021-09-12,IT,6
2021-09-12,SE,4
2021-09-13,AT,3
2021-09-13,CH,2
2021-09-13,DE,19
2021-09-13,FR,21
2021-09-13,IT,18
2021-09-13,SE,8
2021-09-14,AT,3
2021-09-14,CH,4
2021-09-14,DE,22
2021-09-14,FR,24
2021-09-14,IT,19
2021-09-14,SE,10
2021-09-15,AT,1
2021-09-15,CH,2
2021-09-15,DE,32
2021-09-15,FR,24
2021-09-15,IT,20
2021-09-15,SE,13
2021-09-16,AT,3
2021-09-16,CH,1
2021-09-16,DE,24
2021-09-16,FR,19
2021-09-16,IT,24
2021-09-16,SE,2
2021-09-17,AT,1
2021-09-17,CH,9
2021-09-17,DE,18
2021-09-17,FR,25
2021-09-17,IT,23
2021-09-17,SE,5
2021-09-18,AT,1
2021-09-18,CH,1
2021-09-18,DE,12
2021-09-18,FR,8
2021-09-18,IT,13
2021-09-18,SE,5
2021-09-19,AT,1
2021-09-19,CH,0
2021-09-19,DE,9
2021-09-19,FR,13
2021-09-19,IT,5
2021-09-19,SE,1
2021-09-20,AT,5
2021-09-20,CH,2
2021-09-20,DE,14
2021-09-20,FR,20
2021-09-20,IT,22
2021-09-20,SE,8
2021-09-21,AT,3
2021-09-21,CH,2
2021-09-21,DE,24
2021-09-21,FR,25
2021-09-21,IT,20
2021-09-21,SE,8
2021-09-22,AT,4
2021-09-22,CH,4
2021-09-22,DE,34
2021-09-22,FR,33
2021-09-22,IT,28
2021-09-22,SE,13
2021-09-23,AT,2
2021-09-23,CH,3
2021-09-23,DE,15
2021-09-23,FR,22
2021-09-23,IT,23
2021-09-23,SE,10
2021-09-24,AT,2
2021-09-24,CH,2
2021-09-24,DE,26
2021-09-24,FR,23
2021-09-24,IT,17
2021-09-24,SE,6
2021-09-25,AT,2
2021-09-25,CH,1
2021-09-25,DE,14
2021-09-25,FR,15
2021-09-25,IT,10
2021-09-25,SE,3
2021-09-26,AT,0
2021-09-26,CH,3
2021-09-26,DE,10
2021-09-26,FR,10
2021-09-26,IT,11
2021-09-26,SE,1
2021-09-27,AT,1
2021-09-27,CH,4
2021-09-27,DE,23
2021-09-27,FR,21
2021-09-27,IT,22
2021-09-27,SE,1
2021-09-28,AT,1
2021-09-28,CH,4
2021-09-28,DE,24
2021-09-28,FR,13
2021-09-28,IT,27
2021-09-28,SE,2
2021-09-29,AT,0
2021-09-29,CH,3
2021-09-29,DE,33
2021-09-29,FR,14
2021-09-29,IT,16
2021-09-29,SE,10
2021-09-30,AT,1
2021-09-30,CH,4
2021-09-30,DE,20
2021-09-30,FR,20
2021-09-30,IT,34
2021-09-30,SE,12
2021-10-01,AT,4
2021-10-01,CH,3
2021-10-01,DE,20
2021-10-01,FR,20
2021-10-01,IT,18
2021-10-01,SE,5
2021-10-02,AT,0
2021-10-02,CH,4
2021-10-02,DE,16
2021-10-02,FR,8
2021-10-02,IT,7
2021-10-02,SE,2
2021-10-03,AT,1
2021-10-03,CH,1
2021-10-03,DE,17
2021-10-03,FR,12
2021-10-03,IT,15
2021-10-03,SE,5
2021-10-04,AT,1
2021-10-04,CH,4
2021-10-04,DE,29
2021-10-04,FR,19
2021-10-04,IT,21
2021-10-04,SE,5
2021-10-05,AT,1
2021-10-05,CH,2
2021-10-05,DE,18
2021-10-05,FR,26
2021-10-05,IT,19
2021-10-05,SE,12
2021-10-06,AT,3
2021-10-06,CH,1
2021-10-06,DE,27
2021-10-06,FR,20
2021-10-06,IT,20
2021-10-06,SE,8
2021-10-07,AT,0
2021-10-07,CH,6
2021-10-07,DE,20
2021-10-07,FR,17
2021-10-07,IT,26
2021-10-07,SE,10
2021-10-08,AT,6
2021-10-08,CH,0
2021-10-08,DE,20
2021-10-08,FR,12
2021-10-08,IT,21
2021-10-08,SE,7
2021-10-09,AT,0
2021-10-09,CH,1
2021-10-09,DE,10
2021-10-09,FR,8
2021-10-09,IT,13
2021-10-09,SE,2
2021-10-10,AT,4
2021-10-10,CH,1
2021-10-10,DE,9
2021-10-10,FR,14
2021-10-10,IT,3
2021-10-10,SE,6
2021-10-11,AT,0
2021-10-11,CH,2
2021-10-11,DE,31
2021-10-11,FR,24
2021-10-11,IT,25
2021-10-11,SE,10
2021-10-12,AT,4
2021-10-12,CH,4
2021-10-12,DE,25
2021-10-12,FR,21
2021-10-12,IT,21
2021-10-12,SE,8
2021-10-13,AT,2
2021-10-13,CH,1
2021-10-13,DE,25
2021-10-13,FR,23
2021-10-13,IT,24
2021-10-13,SE,6
2021-10-14,AT,4
2021-10-14,CH,2
2021-10-14,DE,27
2021-10-14,FR,23
2021-10-14,IT,26
2021-10-14,SE,11
2021-10-15,AT,1
2021-10-15,CH,3
2021-10-15,DE,23
2021-10-15,FR,16
2021-10-15,IT,21
2021-10-15,SE,3
2021-10-16,AT,0
2021-10-16,CH,0
2021-10-16,DE,15
2021-10-16,FR,8
2021-10-16,IT,8
2021-10-16,SE,4
2021-10-17,AT,1
2021-10-17,CH,3
2021-10-17,DE,12
2021-10-17,FR,7
2021-10-17,IT,9
2021-10-17,SE,2
2021-10-18,AT,2
2021-10-18,CH,1
2021-10-18,DE,29
2021-10-18,FR,13
2021-10-18,IT,25
2021-10-18,SE,5
2021-10-19,AT,2
2021-10-19,CH,1
2021-10-19,DE,17
2021-10-19,FR,27
2021-10-19,IT,18
2021-10-19,SE,4
2021-10-20,AT,4
2021-10-20,CH,1
2021-10-20,DE,31
2021-10-20,FR,26
2021-10-20,IT,23
2021-10-20,SE,11
2021-10-21,AT,1
2021-10-21,CH,2
2021-10-21,DE,19
2021-10-21,FR,26
2021-10-21,IT,24
2021-10-21,SE,8
2021-10-22,AT,3
2021-10-22,CH,0
2021-10-22,DE,20
2021-10-22,FR,15
2021-10-22,IT,21
2021-10-22,SE,9
2021-10-23,AT,1
2021-10-23,CH,0
2021-10-23,DE,8
2021-10-23,FR,13
2021-10-23,IT,8
2021-10-23,SE,3
2021-10-24,AT,1
2021-10-24,CH,3
2021-10-24,DE,13
2021-10-24,FR,4
2021-10-24,IT,7
2021-10-24,SE,6
2021-10-25,AT,2
2021-10-25,CH,5
2021-10-25,DE,27
2021-10-25,FR,21
2021-10-25,IT,21
2021-10-25,SE,5
2021-10-26,AT,3
2021-10-26,CH,4
2021-10-26,DE,22
2021-10-26,FR,18
2021-10-26,IT,18
2021-10-26,SE,4
2021-10-27,AT,3
2021-10-27,CH,5
2021-10-27,DE,28
2021-10-27,FR,21
2021-10-27,IT,26
2021-10-27,SE,7
2021-10-28,AT,3
2021-10-28,CH,3
2021-10-28,DE,24
2021-10-28,FR,16
2021-10-28,IT,21
2021-10-28,SE,12
2021-10-29,AT,5
2021-10-29,CH,2
2021-10-29,DE,20
2021-10-29,FR,20
2021-10-29,IT,13
2021-10-29,SE,6
2021-10-30,AT,3
2021-10-30,CH,2
2021-10-30,DE,10
2021-10-30,FR,8
2021-10-30,IT,10
2021-10-30,SE,6
2021-10-31,AT,2
2021-10-31,CH,1
2021-10-31,DE,7
2021-10-31,FR,8
2021-10-31,IT,9
2021-10-31,SE,2
2021-11-01,AT,2
2021-11-01,CH,3
2021-11-01,DE,18
2021-11-01,FR,14
2021-11-01,IT,19
2021-11-01,SE,9
2021-11-02,AT,3
2021-11-02,CH,4
2021-11-02,DE,26
2021-11-02,FR,17
2021-11-02,IT,19
2021-11-02,SE,6
2021-11-03,AT,2
2021-11-03,CH,4
2021-11-03,DE,26
2021-11-03,FR,23
2021-11-03,IT,22
2021-11-03,SE,7
2021-11-04,AT,1
2021-11-04,CH,6
2021-11-04,DE,29
2021-11-04,FR,24
2021-11-04,IT,12
2021-11-04,SE,3
2021-11-05,AT,0
2021-11-05,CH,2
2021-11-05,DE,29
2021-11-05,FR,17
2021-11-05,IT,17
2021-11-05,SE,5
2021-11-06,AT,3
2021-11-06,CH,1
2021-11-06,DE,15
2021-11-06,FR,10
2021-11-06,IT,14
2021-11-06,SE,9
2021-11-07,AT,1
2021-11-07,CH,0
2021-11-07,DE,12
2021-11-07,FR,7
2021-11-07,IT,7
2021-11-07,SE,5
2021-11-08,AT,2
2021-11-08,CH,6
2021-11-08,DE,34
2021-11-08,FR,22
2021-11-08,IT,18
2021-11-08,SE,11
2021-11-09,AT,2
2021-11-09,CH,3
2021-11-09,DE,15
2021-11-09,FR,21
2021-11-09,IT,23
2021-11-09,SE,5
2021-11-10,AT,2
2021-11-10,CH,3
2021-11-10,DE,29
2021-11-10,FR,26
2021-11-10,IT,24
2021-11-10,SE,7
2021-11-11,AT,4
2021-11-11,CH,3
2021-11-11,DE,38
2021-11-11,FR,16
2021-11-11,IT,16
2021-11-11,SE,4
2021-11-12,AT,3
2021-11-12,CH,3
2021-11-12,DE,18
2021-11-12,FR,21
2021-11-12,IT,26
2021-11-12,SE,4
2021-11-13,AT,0
2021-11-13,CH,0
2021-11-13,DE,16
2021-11-13,FR,5
2021-11-13,IT,15
2021-11-13,SE,5
2021-11-14,AT,0
2021-11-14,CH,1
2021-11-14,DE,15
2021-11-14,FR,9
2021-11-14,IT,6
2021-11-14,SE,5
2021-11-15,AT,0
2021-11-15,CH,2
2021-11-15,DE,34
2021-11-15,FR,18
2021-11-15,IT,18
2021-11-15,SE,7
2021-11-16,AT,3
2021-11-16,CH,1
2021-11-16,DE,24
2021-11-16,FR,22
2021-11-16,IT,15
2021-11-16,SE,12
2021-11-17,AT,5
2021-11-17,CH,3
2021-11-17,DE,40
2021-11-17,FR,29
2021-11-17,IT,17
2021-11-17,SE,3
2021-11-18,AT,4
2021-11-18,CH,0
2021-11-18,DE,39
2021-11-18,FR,26
2021-11-18,IT,20
2021-11-18,SE,7
2021-11-19,AT,2
2021-11-19,CH,6
2021-11-19,DE,25
2021-11-19,FR,11
2021-11-19,IT,17
2021-11-19,SE,3
2021-11-20,AT,1
2021-11-20,CH,2
2021-11-20,DE,11
2021-11-20,FR,11
2021-11-20,IT,7
2021-11-20,SE,2
2021-11-21,AT,1
2021-11-21,CH,0
2021-11-21,DE,30
2021-11-21,FR,8
2021-11-21,IT,10
2021-11-21,SE,5
2021-11-22,AT,5
2021-11-22,CH,4
2021-11-22,DE,27
2021-11-22,FR,23
2021-11-22,IT,17
2021-11-22,SE,8
2021-11-23,AT,1
2021-11-23,CH,2
2021-11-23,DE,19
2021-11-23,FR,23
2021-11-23,IT,25
2021-11-23,SE,4
2021-11-24,AT,3
2021-11-24,CH,2
2021-11-24,DE,24
2021-11-24,FR,23
2021-11-24,IT,30
2021-11-24,SE,9
2021-11-25,AT,6
2021-11-25,CH,6
2021-11-25,DE,47
2021-11-25,FR,23
2021-11-25,IT,20
2021-11-25,SE,8
2021-11-26,AT,2
2021-11-26,CH,4
2021-11-26,DE,19
2021-11-26,FR,19
2021-11-26,IT,27
2021-11-26,SE,1
2021-11-27,AT,3
2021-11-27,CH,3
2021-11-27,DE,10
2021-11-27,FR,12
2021-11-27,IT,12
2021-11-27,SE,5
2021-11-28,AT,0
2021-11-28,CH,6
2021-11-28,DE,14
2021-11-28,FR,12
2021-11-28,IT,5
2021-11-28,SE,5
2021-11-29,AT,1
2021-11-29,CH,2
2021-11-29,DE,30
2021-11-29,FR,21
2021-11-29,IT,18
2021-11-29,SE,11
2021-11-30,AT,1
2021-11-30,CH,3
2021-11-30,DE,35
2021-11-30,FR,15
2021-11-30,IT,31
2021-11-30,SE,4
2021-12-01,AT,3
2021-12-01,CH,0
2021-12-01,DE,26
2021-12-01,FR,24
2021-12-01,IT,21
2021-12-01,SE,8
2021-12-02,AT,5
2021-12-02,CH,4
2021-12-02,DE,18
2021-12-02,FR,22
2021-12-02,IT,23
2021-12-02,SE,7
2021-12-03,AT,2
2021-12-03,CH,2
2021-12-03,DE,13
2021-12-03,FR,14
2021-12-03,IT,22
2021-12-03,SE,4
2021-12-04,AT,0
2021-12-04,CH,0
2021-12-04,DE,6
2021-12-04,FR,7
2021-12-04,IT,7
2021-12-04,SE,2
2021-12-05,AT,2
2021-12-05,CH,0
2021-12-05,DE,20
2021-12-05,FR,6
2021-12-05,IT,14
2021-12-05,SE,2
2021-12-06,AT,5
2021-12-06,CH,7
2021-12-06,DE,27
2021-12-06,FR,16
2021-12-06,IT,19
2021-12-06,SE,9
2021-12-07,AT,2
2021-12-07,CH,2
2021-12-07,DE,35
2021-12-07,FR,19
2021-12-07,IT,14
2021-12-07,SE,3
2021-12-08,AT,7
2021-12-08,CH,1
2021-12-08,DE,28
2021-12-08,FR,19
2021-12-08,IT,11
2021-12-08,SE,5
2021-12-09,AT,2
2021-12-09,CH,1
2021-12-09,DE,21
2021-12-09,FR,12
2021-12-09,IT,25
2021-12-09,SE,7
2021-12-10,AT,2
2021-12-10,CH,1
2021-12-10,DE,28
2021-12-10,FR,9
2021-12-10,IT,26
2021-12-10,SE,7
2021-12-11,AT,1
2021-12-11,CH,2
2021-12-11,DE,24
2021-12-11,FR,5
2021-12-11,IT,14
2021-12-11,SE,3
2021-12-12,AT,1
2021-12-12,CH,1
2021-12-12,DE,18
2021-12-12,FR,8
2021-12-12,IT,10
2021-12-12,SE,1
2021-12-13,AT,0
2021-12-13,CH,4
2021-12-13,DE,40
2021-12-13,FR,24
2021-12-13,IT,20
2021-12-13,SE,6
2021-12-14,AT,1
2021-12-14,CH,2
2021-12-14,DE,26
2021-12-14,FR,18
2021-12-14,IT,22
2021-12-14,SE,5
2021-12-15,AT,4
2021-12-15,CH,4
2021-12-15,DE,16
2021-12-15,FR,24
2021-12-15,IT,23
2021-12-15,SE,4
2021-12-16,AT,3
2021-12-16,CH,0
2021-12-16,DE,24
2021-12-16,FR,17
2021-12-16,IT,14
2021-12-16,SE,6
2021-12-17,AT,1
2021-12-17,CH,2
2021-12-17,DE,16
2021-12-17,FR,28
2021-12-17,IT,19
2021-12-17,SE,4
2021-12-18,AT,1
2021-12-18,CH,4
2021-12-18,DE,13
2021-12-18,FR,11
2021-12-18,IT,14
2021-12-18,SE,5
2021-12-19,AT,1
2021-12-19,CH,1
2021-12-19,DE,20
2021-12-19,FR,5
2021-12-19,IT,12
2021-12-19,SE,6
2021-12-20,AT,2
2021-12-20,CH,5
2021-12-20,DE,23
2021-12-20,FR,19
2021-12-20,IT,20
2021-12-20,SE,8
2021-12-21,AT,2
2021-12-21,CH,1
2021-12-21,DE,26
2021-12-21,FR,18
2021-12-21,IT,20
2021-12-21,SE,5
2021-12-22,AT,1
2021-12-22,CH,3
2021-12-22,DE,18
2021-12-22,FR,16
2021-12-22,IT,20
2021-12-22,SE,11
2021-12-23,AT,1
2021-12-23,CH,3
2021-12-23,DE,10
2021-12-23,FR,10
2021-12-23,IT,16
2021-12-23,SE,4
2021-12-24,AT,2
2021-12-24,CH,0
2021-12-24,DE,8
2021-12-24,FR,8
2021-12-24,IT,11
2021-12-24,SE,3
2021-12-25,AT,3
2021-12-25,CH,1
2021-12-25,DE,16
2021-12-25,FR,4
2021-12-25,IT,7
2021-12-25,SE,4
2021-12-26,AT,1
2021-12-26,CH,1
2021-12-26,DE,8
2021-12-26,FR,8
2021-12-26,IT,7
2021-12-26,SE,0
2021-12-27,AT,2
2021-12-27,CH,0
2021-12-27,DE,19
2021-12-27,FR,14
2021-12-27,IT,9
2021-12-27,SE,3
2021-12-28,AT,3
2021-12-28,CH,4
2021-12-28,DE,27
2021-12-28,FR,8
2021-12-28,IT,14
2021-12-28,SE,5
2021-12-29,AT,2
2021-12-29,CH,2
2021-12-29,DE,26
2021-12-29,FR,18
2021-12-29,IT,30
2021-12-29,SE,5
2021-12-30,AT,1
2021-12-30,CH,3
2021-12-30,DE,26
2021-12-30,FR,13
2021-12-30,IT,18
2021-12-30,SE,1
2021-12-31,AT,0
2021-12-31,CH,0
2021-12-31,DE,19
2021-12-31,FR,15
2021-12-31,IT,7
2021-12-31,SE,4
2022-01-01,AT,0
2022-01-01,CH,0
2022-01-01,DE,12
2022-01-01,FR,4
2022-01-01,IT,8
2022-01-01,SE,1
2022-01-02,AT,2
2022-01-02,CH,3
2022-01-02,DE,18
2022-01-02,FR,11
2022-01-02,IT,12
2022-01-02,SE,6
2022-01-03,AT,0
2022-01-03,CH,2
2022-01-03,DE,28
2022-01-03,FR,16
2022-01-03,IT,17
2022-01-03,SE,8
2022-01-04,AT,4
2022-01-04,CH,1
2022-01-04,DE,27
2022-01-04,FR,17
2022-01-04,IT,17
2022-01-04,SE,6
2022-01-05,AT,2
2022-01-05,CH,6
2022-01-05,DE,30
2022-01-05,FR,23
2022-01-05,IT,14
2022-01-05,SE,5
2022-01-06,AT,0
2022-01-06,CH,4
2022-01-06,DE,31
2022-01-06,FR,21
2022-01-06,IT,15
2022-01-06,SE,12
2022-01-07,AT,4
2022-01-07,CH,2
2022-01-07,DE,29
2022-01-07,FR,13
2022-01-07,IT,20
2022-01-07,SE,10
2022-01-08,AT,2
2022-01-08,CH,1
2022-01-08,DE,22
2022-01-08,FR,16
2022-01-08,IT,10
2022-01-08,SE,4
2022-01-09,AT,2
2022-01-09,CH,2
2022-01-09,DE,15
2022-01-09,FR,11
2022-01-09,IT,16
2022-01-09,SE,4
2022-01-10,AT,4
2022-01-10,CH,2
2022-01-10,DE,28
2022-01-10,FR,26
2022-01-10,IT,19
2022-01-10,SE,11
2022-01-11,AT,4
2022-01-11,CH,6
2022-01-11,DE,20
2022-01-11,FR,26
2022-01-11,IT,28
2022-01-11,SE,6
2022-01-12,AT,2
2022-01-12,CH,1
2022-01-12,DE,30
2022-01-12,FR,22
2022-01-12,IT,21
2022-01-12,SE,10
2022-01-13,AT,3
2022-01-13,CH,3
2022-01-13,DE,27
2022-01-13,FR,15
2022-01-13,IT,22
2022-01-13,SE,4
2022-01-14,AT,4
2022-01-14,CH,0
2022-01-14,DE,19
2022-01-14,FR,21
2022-01-14,IT,18
2022-01-14,SE,3
2022-01-15,AT,1
2022-01-15,CH,4
2022-01-15,DE,14
2022-01-15,FR,10
2022-01-15,IT,18
2022-01-15,SE,1
2022-01-16,AT,5
2022-01-16,CH,0
2022-01-16,DE,20
2022-01-16,FR,10
2022-01-16,IT,10
2022-01-16,SE,8
2022-01-17,AT,2
2022-01-17,CH,4
2022-01-17,DE,31
2022-01-17,FR,17
2022-01-17,IT,16
2022-01-17,SE,5
2022-01-18,AT,6
2022-01-18,CH,6
2022-01-18,DE,38
2022-01-18,FR,26
2022-01-18,IT,24
2022-01-18,SE,11
2022-01-19,AT,2
2022-01-19,CH,3
2022-01-19,DE,26
2022-01-19,FR,20
2022-01-19,IT,32
2022-01-19,SE,12
2022-01-20,AT,1
2022-01-20,CH,1
2022-01-20,DE,31
2022-01-20,FR,34
2022-01-20,IT,32
2022-01-20,SE,7
2022-01-21,AT,5
2022-01-21,CH,6
2022-01-21,DE,23
2022-01-21,FR,15
2022-01-21,IT,25
2022-01-21,SE,3
2022-01-22,AT,6
2022-01-22,CH,5
2022-01-22,DE,14
2022-01-22,FR,15
2022-01-22,IT,14
2022-01-22,SE,3
2022-01-23,AT,0
2022-01-23,CH,2
2022-01-23,DE,15
2022-01-23,FR,15
2022-01-23,IT,16
2022-01-23,SE,3
2022-01-24,AT,2
2022-01-24,CH,2
2022-01-24,DE,46
2022-01-24,FR,30
2022-01-24,IT,23
2022-01-24,SE,4
2022-01-25,AT,4
2022-01-25,CH,3
2022-01-25,DE,34
2022-01-25,FR,32
2022-01-25,IT,27
2022-01-25,SE,4
2022-01-26,AT,3
2022-01-26,CH,3
2022-01-26,DE,22
2022-01-26,FR,20
2022-01-26,IT,41
2022-01-26,SE,3
2022-01-27,AT,2
2022-01-27,CH,3
2022-01-27,DE,43
2022-01-27,FR,18
2022-01-27,IT,24
2022-01-27,SE,8
2022-01-28,AT,6
2022-01-28,CH,3
2022-01-28,DE,27
2022-01-28,FR,20
2022-01-28,IT,26
2022-01-28,SE,5
2022-01-29,AT,2
2022-01-29,CH,2
2022-01-29,DE,17
2022-01-29,FR,10
2022-01-29,IT,12
2022-01-29,SE,4
2022-01-30,AT,0
2022-01-30,CH,5
2022-01-30,DE,20
2022-01-30,FR,13
2022-01-30,IT,12
2022-01-30,SE,8
2022-01-31,AT,2
2022-01-31,CH,4
2022-01-31,DE,29
2022-01-31,FR,23
2022-01-31,IT,22
2022-01-31,SE,13
2022-02-01,AT,2
2022-02-01,CH,5
2022-02-01,DE,30
2022-02-01,FR,23
2022-02-01,IT,31
2022-02-01,SE,7
2022-02-02,AT,1
2022-02-02,CH,4
2022-02-02,DE,30
2022-02-02,FR,18
2022-02-02,IT,28
2022-02-02,SE,15
2022-02-03,AT,3
2022-02-03,CH,3
2022-02-03,DE,23
2022-02-03,FR,19
2022-02-03,IT,16
2022-02-03,SE,9
2022-02-04,AT,0
2022-02-04,CH,5
2022-02-04,DE,28
2022-02-04,FR,24
2022-02-04,IT,31
2022-02-04,SE,6
2022-02-05,AT,2
2022-02-05,CH,1
2022-02-05,DE,11
2022-02-05,FR,7
2022-02-05,IT,9
2022-02-05,SE,2
2022-02-06,AT,0
2022-02-06,CH,2
2022-02-06,DE,19
2022-02-06,FR,11
2022-02-06,IT,12
2022-02-06,SE,4
2022-02-07,AT,5
2022-02-07,CH,1
2022-02-07,DE,29
2022-02-07,FR,23
2022-02-07,IT,20
2022-02-07,SE,7
2022-02-08,AT,3
2022-02-08,CH,3
2022-02-08,DE,30
2022-02-08,FR,24
2022-02-08,IT,33
2022-02-08,SE,11
2022-02-09,AT,4
2022-02-09,CH,7
2022-02-09,DE,36
2022-02-09,FR,23
2022-02-09,IT,27
2022-02-09,SE,4
2022-02-10,AT,6
2022-02-10,CH,5
2022-02-10,DE,33
2022-02-10,FR,19
2022-02-10,IT,24
2022-02-10,SE,10
2022-02-11,AT,5
2022-02-11,CH,5
2022-02-11,DE,26
2022-02-11,FR,12
2022-02-11,IT,26
2022-02-11,SE,4
2022-02-12,AT,3
2022-02-12,CH,1
2022-02-12,DE,18
2022-02-12,FR,8
2022-02-12,IT,9
2022-02-12,SE,4
2022-02-13,AT,2
2022-02-13,CH,1
2022-02-13,DE,19
2022-02-13,FR,6
2022-02-13,IT,13
2022-02-13,SE,9
2022-02-14,AT,3
2022-02-14,CH,2
2022-02-14,DE,32
2022-02-14,FR,27
2022-02-14,IT,26
2022-02-14,SE,3
2022-02-15,AT,6
2022-02-15,CH,4
2022-02-15,DE,37
2022-02-15,FR,25
2022-02-15,IT,43
2022-02-15,SE,10
2022-02-16,AT,9
2022-02-16,CH,2
2022-02-16,DE,42
2022-02-16,FR,19
2022-02-16,IT,27
2022-02-16,SE,7
2022-02-17,AT,6
2022-02-17,CH,5
2022-02-17,DE,36
2022-02-17,FR,19
2022-02-17,IT,32
2022-02-17,SE,3
2022-02-18,AT,4
2022-02-18,CH,1
2022-02-18,DE,27
2022-02-18,FR,17
2022-02-18,IT,23
2022-02-18,SE,10
2022-02-19,AT,1
2022-02-19,CH,0
2022-02-19,DE,15
2022-02-19,FR,15
2022-02-19,IT,17
2022-02-19,SE,4
2022-02-20,AT,6
2022-02-20,CH,2
2022-02-20,DE,17
2022-02-20,FR,14
2022-02-20,IT,16
2022-02-20,SE,5
2022-02-21,AT,3
2022-02-21,CH,1
2022-02-21,DE,37
2022-02-21,FR,36
2022-02-21,IT,39
2022-02-21,SE,9
2022-02-22,AT,7
2022-02-22,CH,5
2022-02-22,DE,40
2022-02-22,FR,21
2022-02-22,IT,37
2022-02-22,SE,14
2022-02-23,AT,6
2022-02-23,CH,2
2022-02-23,DE,35
2022-02-23,FR,17
2022-02-23,IT,38
2022-02-23,SE,7
2022-02-24,AT,1
2022-02-24,CH,2
2022-02-24,DE,26
2022-02-24,FR,18
2022-02-24,IT,20
2022-02-24,SE,2
2022-02-25,AT,3
2022-02-25,CH,2
2022-02-25,DE,19
2022-02-25,FR,30
2022-02-25,IT,28
2022-02-25,SE,3
2022-02-26,AT,5
2022-02-26,CH,2
2022-02-26,DE,11
2022-02-26,FR,11
2022-02-26,IT,8
2022-02-26,SE,0
2022-02-27,AT,2
2022-02-27,CH,0
2022-02-27,DE,14
2022-02-27,FR,9
2022-02-27,IT,8
2022-02-27,SE,1
2022-02-28,AT,4
2022-02-28,CH,2
2022-02-28,DE,32
2022-02-28,FR,29
2022-02-28,IT,26
2022-02-28,SE,8
2022-03-01,AT,9
2022-03-01,CH,2
2022-03-01,DE,26
2022-03-01,FR,19
2022-03-01,IT,32
2022-03-01,SE,14
2022-03-02,AT,1
2022-03-02,CH,2
2022-03-02,DE,35
2022-03-02,FR,20
2022-03-02,IT,17
2022-03-02,SE,6
2022-03-03,AT,2
2022-03-03,CH,4
2022-03-03,DE,34
2022-03-03,FR,26
2022-03-03,IT,24
2022-03-03,SE,1
2022-03-04,AT,1
2022-03-04,CH,3
2022-03-04,DE,15
2022-03-04,FR,17
2022-03-04,IT,20
2022-03-04,SE,5
2022-03-05,AT,1
2022-03-05,CH,1
2022-03-05,DE,17
2022-03-05,FR,10
2022-03-05,IT,12
2022-03-05,SE,2
2022-03-06,AT,1
2022-03-06,CH,3
2022-03-06,DE,13
2022-03-06,FR,8
2022-03-06,IT,9
2022-03-06,SE,2
2022-03-07,AT,3
2022-03-07,CH,4
2022-03-07,DE,30
2022-03-07,FR,18
2022-03-07,IT,18
2022-03-07,SE,6
2022-03-08,AT,1
2022-03-08,CH,2
2022-03-08,DE,22
2022-03-08,FR,19
2022-03-08,IT,23
2022-03-08,SE,6
2022-03-09,AT,2
2022-03-09,CH,4
2022-03-09,DE,32
2022-03-09,FR,16
2022-03-09,IT,25
2022-03-09,SE,5
2022-03-10,AT,3
2022-03-10,CH,2
2022-03-10,DE,25
2022-03-10,FR,26
2022-03-10,IT,29
2022-03-10,SE,3
2022-03-11,AT,4
2022-03-11,CH,3
2022-03-11,DE,19
2022-03-11,FR,26
2022-03-11,IT,22
2022-03-11,SE,2
2022-03-12,AT,1
2022-03-12,CH,3
2022-03-12,DE,16
2022-03-12,FR,11
2022-03-12,IT,11
2022-03-12,SE,3
2022-03-13,AT,2
2022-03-13,CH,1
2022-03-13,DE,19
2022-03-13,FR,8
2022-03-13,IT,13
2022-03-13,SE,5
2022-03-14,AT,2
2022-03-14,CH,2
2022-03-14,DE,28
2022-03-14,FR,18
2022-03-14,IT,20
2022-03-14,SE,8
2022-03-15,AT,4
2022-03-15,CH,6
2022-03-15,DE,26
2022-03-15,FR,30
2022-03-15,IT,32
2022-03-15,SE,8
2022-03-16,AT,5
2022-03-16,CH,2
2022-03-16,DE,37
2022-03-16,FR,11
2022-03-16,IT,34
2022-03-16,SE,9
2022-03-17,AT,4
2022-03-17,CH,2
2022-03-17,DE,8
2022-03-17,FR,5
2022-03-17,IT,9
2022-03-17,SE,1
2022-03-18,AT,0
2022-03-18,CH,0
2022-03-18,DE,0
2022-03-18,FR,0
2022-03-18,IT,0
2022-03-18,SE,0
2022-03-19,AT,0
2022-03-19,CH,0
2022-03-19,DE,0
2022-03-19,FR,0
2022-03-19,IT,0
2022-03-19,SE,0
2022-03-20,AT,0
2022-03-20,CH,0
2022-03-20,DE,0
2022-03-20,FR,0
2022-03-20,IT,0
2022-03-20,SE,0
2022-03-21,AT,2
2022-03-21,CH,1
2022-03-21,DE,12
2022-03-21,FR,10
2022-03-21,IT,18
2022-03-21,SE,6
2022-03-22,AT,2
2022-03-22,CH,5
2022-03-22,DE,26
2022-03-22,FR,18
2022-03-22,IT,17
2022-03-22,SE,5
2022-03-23,AT,2
2022-03-23,CH,3
2022-03-23,DE,18
2022-03-23,FR,23
2022-03-23,IT,23
2022-03-23,SE,9
2022-03-24,AT,5
2022-03-24,CH,1
2022-03-24,DE,22
2022-03-24,FR,20
2022-03-24,IT,31
2022-03-24,SE,12
2022-03-25,AT,2
2022-03-25,CH,1
2022-03-25,DE,22
2022-03-25,FR,13
2022-03-25,IT,31
2022-03-25,SE,4
2022-03-26,AT,2
2022-03-26,CH,3
2022-03-26,DE,15
2022-03-26,FR,8
2022-03-26,IT,11
2022-03-26,SE,2
2022-03-27,AT,1
2022-03-27,CH,0
2022-03-27,DE,12
2022-03-27,FR,8
2022-03-27,IT,12
2022-03-27,SE,2
2022-03-28,AT,1
2022-03-28,CH,6
2022-03-28,DE,30
2022-03-28,FR,15
2022-03-28,IT,28
2022-03-28,SE,5
2022-03-29,AT,6
2022-03-29,CH,3
2022-03-29,DE,33
2022-03-29,FR,20
2022-03-29,IT,20
2022-03-29,SE,6
2022-03-30,AT,4
2022-03-30,CH,5
2022-03-30,DE,27
2022-03-30,FR,22
2022-03-30,IT,34
2022-03-30,SE,8
2022-03-31,AT,0
2022-03-31,CH,0
2022-03-31,DE,3
2022-03-31,FR,0
2022-03-31,IT,2
2022-03-31,SE,1
2022-04-01,AT,0
2022-04-01,CH,0
2022-04-01,DE,0
2022-04-01,FR,0
2022-04-01,IT,0
2022-04-01,SE,0
2022-04-02,AT,0
2022-04-02,CH,0
2022-04-02,DE,0
2022-04-02,FR,0
2022-04-02,IT,0
2022-04-02,SE,0
2022-04-03,AT,0
2022-04-03,CH,0
2022-04-03,DE,0
2022-04-03,FR,0
2022-04-03,IT,0
2022-04-03,SE,0
2022-04-04,AT,4
2022-04-04,CH,2
2022-04-04,DE,33
2022-04-04,FR,21
2022-04-04,IT,27
2022-04-04,SE,5
2022-04-05,AT,5
2022-04-05,CH,8
2022-04-05,DE,29
2022-04-05,FR,27
2022-04-05,IT,35
2022-04-05,SE,9
2022-04-06,AT,3
2022-04-06,CH,3
2022-04-06,DE,23
2022-04-06,FR,21
2022-04-06,IT,34
2022-04-06,SE,12
2022-04-07,AT,2
2022-04-07,CH,5
2022-04-07,DE,35
2022-04-07,FR,18
2022-04-07,IT,36
2022-04-07,SE,6
2022-04-08,AT,3
2022-04-08,CH,2
2022-04-08,DE,19
2022-04-08,FR,19
2022-04-08,IT,21
2022-04-08,SE,7
2022-04-09,AT,2
2022-04-09,CH,3
2022-04-09,DE,19
2022-04-09,FR,11
2022-04-09,IT,14
2022-04-09,SE,3
2022-04-10,AT,3
2022-04-10,CH,0
2022-04-10,DE,10
2022-04-10,FR,9
2022-04-10,IT,6
2022-04-10,SE,3
2022-04-11,AT,3
2022-04-11,CH,4
2022-04-11,DE,26
2022-04-11,FR,35
2022-04-11,IT,27
2022-04-11,SE,11
2022-04-12,AT,4
2022-04-12,CH,2
2022-04-12,DE,23
2022-04-12,FR,29
2022-04-12,IT,19
2022-04-12,SE,13
2022-04-13,AT,9
2022-04-13,CH,1
2022-04-13,DE,32
2022-04-13,FR,26
2022-04-13,IT,26
2022-04-13,SE,7
2022-04-14,AT,3
2022-04-14,CH,1
2022-04-14,DE,19
2022-04-14,FR,24
2022-04-14,IT,31
2022-04-14,SE,5
2022-04-15,AT,4
2022-04-15,CH,3
2022-04-15,DE,19
2022-04-15,FR,23
2022-04-15,IT,16
2022-04-15,SE,3
2022-04-16,AT,3
2022-04-16,CH,1
2022-04-16,DE,17
2022-04-16,FR,10
2022-04-16,IT,13
2022-04-16,SE,3
2022-04-17,AT,0
2022-04-17,CH,0
2022-04-17,DE,14
2022-04-17,FR,18
2022-04-17,IT,5
2022-04-17,SE,2
2022-04-18,AT,1
2022-04-18,CH,1
2022-04-18,DE,11
2022-04-18,FR,13
2022-04-18,IT,2
2022-04-18,SE,5
2022-04-19,AT,0
2022-04-19,CH,0
2022-04-19,DE,39
2022-04-19,FR,28
2022-04-19,IT,25
2022-04-19,SE,8
2022-04-20,AT,4
2022-04-20,CH,3
2022-04-20,DE,28
2022-04-20,FR,33
2022-04-20,IT,26
2022-04-20,SE,13
2022-04-21,AT,5
2022-04-21,CH,2
2022-04-21,DE,31
2022-04-21,FR,27
2022-04-21,IT,36
2022-04-21,SE,7
2022-04-22,AT,5
2022-04-22,CH,1
2022-04-22,DE,28
2022-04-22,FR,12
2022-04-22,IT,30
2022-04-22,SE,13
2022-04-23,AT,2
2022-04-23,CH,2
2022-04-23,DE,14
2022-04-23,FR,17
2022-04-23,IT,10
2022-04-23,SE,6
2022-04-24,AT,1
2022-04-24,CH,1
2022-04-24,DE,10
2022-04-24,FR,16
2022-04-24,IT,9
2022-04-24,SE,5
2022-04-25,AT,3
2022-04-25,CH,1
2022-04-25,DE,26
2022-04-25,FR,26
2022-04-25,IT,14
2022-04-25,SE,9
2022-04-26,AT,1
2022-04-26,CH,5
2022-04-26,DE,33
2022-04-26,FR,24
2022-04-26,IT,26
2022-04-26,SE,9
2022-04-27,AT,2
2022-04-27,CH,3
2022-04-27,DE,22
2022-04-27,FR,19
2022-04-27,IT,27
2022-04-27,SE,3
2022-04-28,AT,1
2022-04-28,CH,3
2022-04-28,DE,34
2022-04-28,FR,19
2022-04-28,IT,21
2022-04-28,SE,11
2022-04-29,AT,3
2022-04-29,CH,3
2022-04-29,DE,20
2022-04-29,FR,13
2022-04-29,IT,21
2022-04-29,SE,3
2022-04-30,AT,0
2022-04-30,CH,2
2022-04-30,DE,15
2022-04-30,FR,7
2022-04-30,IT,14
2022-04-30,SE,2
2022-05-01,AT,1
2022-05-01,CH,1
2022-05-01,DE,15
2022-05-01,FR,7
2022-05-01,IT,10
2022-05-01,SE,1
2022-05-02,AT,4
2022-05-02,CH,2
2022-05-02,DE,26
2022-05-02,FR,15
2022-05-02,IT,24
2022-05-02,SE,7
2022-05-03,AT,2
2022-05-03,CH,3
2022-05-03,DE,20
2022-05-03,FR,32
2022-05-03,IT,16
2022-05-03,SE,5
2022-05-04,AT,6
2022-05-04,CH,5
2022-05-04,DE,27
2022-05-04,FR,29
2022-05-04,IT,21
2022-05-04,SE,7
2022-05-05,AT,2
2022-05-05,CH,1
2022-05-05,DE,33
2022-05-05,FR,24
2022-05-05,IT,22
2022-05-05,SE,8
2022-05-06,AT,4
2022-05-06,CH,0
2022-05-06,DE,27
2022-05-06,FR,23
2022-05-06,IT,35
2022-05-06,SE,5
2022-05-07,AT,1
2022-05-07,CH,0
2022-05-07,DE,9
2022-05-07,FR,9
2022-05-07,IT,9
2022-05-07,SE,3
2022-05-08,AT,0
2022-05-08,CH,2
2022-05-08,DE,12
2022-05-08,FR,9
2022-05-08,IT,8
2022-05-08,SE,4
2022-05-09,AT,3
2022-05-09,CH,5
2022-05-09,DE,38
2022-05-09,FR,34
2022-05-09,IT,33
2022-05-09,SE,7
2022-05-10,AT,4
2022-05-10,CH,1
2022-05-10,DE,25
2022-05-10,FR,33
2022-05-10,IT,24
2022-05-10,SE,5
2022-05-11,AT,5
2022-05-11,CH,2
2022-05-11,DE,34
2022-05-11,FR,27
2022-05-11,IT,21
2022-05-11,SE,8
2022-05-12,AT,1
2022-05-12,CH,2
2022-05-12,DE,21
2022-05-12,FR,21
2022-05-12,IT,23
2022-05-12,SE,3
2022-05-13,AT,1
2022-05-13,CH,6
2022-05-13,DE,32
2022-05-13,FR,31
2022-05-13,IT,16
2022-05-13,SE,5
2022-05-14,AT,0
2022-05-14,CH,1
2022-05-14,DE,13
2022-05-14,FR,11
2022-05-14,IT,12
2022-05-14,SE,2
2022-05-15,AT,1
2022-05-15,CH,3
2022-05-15,DE,7
2022-05-15,FR,10
2022-05-15,IT,6
2022-05-15,SE,1
2022-05-16,AT,1
2022-05-16,CH,0
2022-05-16,DE,34
2022-05-16,FR,24
2022-05-16,IT,32
2022-05-16,SE,9
2022-05-17,AT,5
2022-05-17,CH,2
2022-05-17,DE,27
2022-05-17,FR,27
2022-05-17,IT,33
2022-05-17,SE,2
2022-05-18,AT,1
2022-05-18,CH,4
2022-05-18,DE,23
2022-05-18,FR,24
2022-05-18,IT,37
2022-05-18,SE,11
2022-05-19,AT,1
2022-05-19,CH,0
2022-05-19,DE,32
2022-05-19,FR,24
2022-05-19,IT,19
2022-05-19,SE,5
2022-05-20,AT,1
2022-05-20,CH,3
2022-05-20,DE,23
2022-05-20,FR,18
2022-05-20,IT,15
2022-05-20,SE,4
2022-05-21,AT,1
2022-05-21,CH,2
2022-05-21,DE,17
2022-05-21,FR,10
2022-05-21,IT,11
2022-05-21,SE,4
2022-05-22,AT,0
2022-05-22,CH,1
2022-05-22,DE,10
2022-05-22,FR,21
2022-05-22,IT,7
2022-05-22,SE,6
2022-05-23,AT,4
2022-05-23,CH,1
2022-05-23,DE,25
2022-05-23,FR,26
2022-05-23,IT,24
2022-05-23,SE,4
2022-05-24,AT,2
2022-05-24,CH,2
2022-05-24,DE,27
2022-05-24,FR,20
2022-05-24,IT,24
2022-05-24,SE,6
2022-05-25,AT,3
2022-05-25,CH,3
2022-05-25,DE,21
2022-05-25,FR,23
2022-05-25,IT,28
2022-05-25,SE,6
2022-05-26,AT,2
2022-05-26,CH,4
2022-05-26,DE,13
2022-05-26,FR,13
2022-05-26,IT,13
2022-05-26,SE,4
2022-05-27,AT,4
2022-05-27,CH,2
2022-05-27,DE,34
2022-05-27,FR,24
2022-05-27,IT,27
2022-05-27,SE,8
2022-05-28,AT,1
2022-05-28,CH,0
2022-05-28,DE,13
2022-05-28,FR,12
2022-05-28,IT,6
2022-05-28,SE,0
2022-05-29,AT,2
2022-05-29,CH,0
2022-05-29,DE,9
2022-05-29,FR,15
2022-05-29,IT,7
2022-05-29,SE,2
2022-05-30,AT,5
2022-05-30,CH,5
2022-05-30,DE,19
2022-05-30,FR,29
2022-05-30,IT,26
2022-05-30,SE,9
2022-05-31,AT,2
2022-05-31,CH,4
2022-05-31,DE,28
2022-05-31,FR,28
2022-05-31,IT,30
2022-05-31,SE,9
2022-06-01,AT,3
2022-06-01,CH,4
2022-06-01,DE,35
2022-06-01,FR,21
2022-06-01,IT,23
2022-06-01,SE,6
2022-06-02,AT,2
2022-06-02,CH,3
2022-06-02,DE,20
2022-06-02,FR,22
2022-06-02,IT,10
2022-06-02,SE,10
2022-06-03,AT,2
2022-06-03,CH,3
2022-06-03,DE,19
2022-06-03,FR,15
2022-06-03,IT,16
2022-06-03,SE,4
2022-06-04,AT,0
2022-06-04,CH,2
2022-06-04,DE,12
2022-06-04,FR,10
2022-06-04,IT,12
2022-06-04,SE,3
2022-06-05,AT,0
2022-06-05,CH,5
2022-06-05,DE,13
2022-06-05,FR,12
2022-06-05,IT,9
2022-06-05,SE,4
2022-06-06,AT,1
2022-06-06,CH,2
2022-06-06,DE,18
2022-06-06,FR,9
2022-06-06,IT,21
2022-06-06,SE,3
2022-06-07,AT,6
2022-06-07,CH,1
2022-06-07,DE,28
2022-06-07,FR,33
2022-06-07,IT,15
2022-06-07,SE,6
2022-06-08,AT,3
2022-06-08,CH,7
2022-06-08,DE,27
2022-06-08,FR,23
2022-06-08,IT,29
2022-06-08,SE,11
2022-06-09,AT,2
2022-06-09,CH,2
2022-06-09,DE,33
2022-06-09,FR,33
2022-06-09,IT,40
2022-06-09,SE,5
2022-06-10,AT,3
2022-06-10,CH,3
2022-06-10,DE,18
2022-06-10,FR,21
2022-06-10,IT,22
2022-06-10,SE,4
2022-06-11,AT,0
2022-06-11,CH,2
2022-06-11,DE,6
2022-06-11,FR,8
2022-06-11,IT,6
2022-06-11,SE,2
2022-06-12,AT,1
2022-06-12,CH,2
2022-06-12,DE,4
2022-06-12,FR,8
2022-06-12,IT,4
2022-06-12,SE,2
2022-06-13,AT,1
2022-06-13,CH,1
2022-06-13,DE,24
2022-06-13,FR,23
2022-06-13,IT,24
2022-06-13,SE,4
2022-06-14,AT,2
2022-06-14,CH,3
2022-06-14,DE,16
2022-06-14,FR,18
2022-06-14,IT,15
2022-06-14,SE,5
2022-06-15,AT,2
2022-06-15,CH,3
2022-06-15,DE,19
2022-06-15,FR,20
2022-06-15,IT,13
2022-06-15,SE,3
2022-06-16,AT,1
2022-06-16,CH,7
2022-06-16,DE,14
2022-06-16,FR,7
2022-06-16,IT,24
2022-06-16,SE,0
2022-06-17,AT,1
2022-06-17,CH,1
2022-06-17,DE,16
2022-06-17,FR,15
2022-06-17,IT,9
2022-06-17,SE,6
2022-06-18,AT,0
2022-06-18,CH,1
2022-06-18,DE,5
2022-06-18,FR,13
2022-06-18,IT,6
2022-06-18,SE,0
2022-06-19,AT,4
2022-06-19,CH,3
2022-06-19,DE,5
2022-06-19,FR,3
2022-06-19,IT,6
2022-06-19,SE,1
2022-06-20,AT,1
2022-06-20,CH,0
2022-06-20,DE,17
2022-06-20,FR,26
2022-06-20,IT,18
2022-06-20,SE,8
2022-06-21,AT,0
2022-06-21,CH,4
2022-06-21,DE,16
2022-06-21,FR,20
2022-06-21,IT,13
2022-06-21,SE,5
2022-06-22,AT,0
2022-06-22,CH,3
2022-06-22,DE,29
2022-06-22,FR,25
2022-06-22,IT,14
2022-06-22,SE,7
2022-06-23,AT,0
2022-06-23,CH,5
2022-06-23,DE,21
2022-06-23,FR,12
2022-06-23,IT,21
2022-06-23,SE,5
2022-06-24,AT,1
2022-06-24,CH,6
2022-06-24,DE,16
2022-06-24,FR,6
2022-06-24,IT,18
2022-06-24,SE,2
2022-06-25,AT,1
2022-06-25,CH,3
2022-06-25,DE,6
2022-06-25,FR,7
2022-06-25,IT,8
2022-06-25,SE,0
2022-06-26,AT,1
2022-06-26,CH,1
2022-06-26,DE,6
2022-06-26,FR,8
2022-06-26,IT,3
2022-06-26,SE,2
2022-06-27,AT,1
2022-06-27,CH,4
2022-06-27,DE,17
2022-06-27,FR,22
2022-06-27,IT,20
2022-06-27,SE,4
2022-06-28,AT,1
2022-06-28,CH,3
2022-06-28,DE,19
2022-06-28,FR,16
2022-06-28,IT,18
2022-06-28,SE,3
2022-06-29,AT,0
2022-06-29,CH,2
2022-06-29,DE,16
2022-06-29,FR,22
2022-06-29,IT,27
2022-06-29,SE,4
2022-06-30,AT,1
2022-06-30,CH,1
2022-06-30,DE,17
2022-06-30,FR,11
2022-06-30,IT,19
2022-06-30,SE,5
2022-07-01,AT,3
2022-07-01,CH,2
2022-07-01,DE,15
2022-07-01,FR,7
2022-07-01,IT,10
2022-07-01,SE,1
2022-07-02,AT,1
2022-07-02,CH,1
2022-07-02,DE,16
2022-07-02,FR,10
2022-07-02,IT,5
2022-07-02,SE,3
2022-07-03,AT,1
2022-07-03,CH,1
2022-07-03,DE,8
2022-07-03,FR,5
2022-07-03,IT,8
2022-07-03,SE,2
2022-07-04,AT,2
2022-07-04,CH,2
2022-07-04,DE,16
2022-07-04,FR,17
2022-07-04,IT,16
2022-07-04,SE,4
2022-07-05,AT,1
2022-07-05,CH,1
2022-07-05,DE,19
2022-07-05,FR,9
2022-07-05,IT,16
2022-07-05,SE,2
2022-07-06,AT,1
2022-07-06,CH,1
2022-07-06,DE,15
2022-07-06,FR,13
2022-07-06,IT,20
2022-07-06,SE,4
2022-07-07,AT,0
2022-07-07,CH,3
2022-07-07,DE,15
2022-07-07,FR,12
2022-07-07,IT,16
2022-07-07,SE,4
2022-07-08,AT,0
2022-07-08,CH,2
2022-07-08,DE,17
2022-07-08,FR,7
2022-07-08,IT,14
2022-07-08,SE,4
2022-07-09,AT,1
2022-07-09,CH,0
2022-07-09,DE,6
2022-07-09,FR,4
2022-07-09,IT,15
2022-07-09,SE,2
2022-07-10,AT,0
2022-07-10,CH,2
2022-07-10,DE,4
2022-07-10,FR,6
2022-07-10,IT,6
2022-07-10,SE,3
2022-07-11,AT,0
2022-07-11,CH,2
2022-07-11,DE,27
2022-07-11,FR,15
2022-07-11,IT,19
2022-07-11,SE,3
2022-07-12,AT,2
2022-07-12,CH,0
2022-07-12,DE,18
2022-07-12,FR,19
2022-07-12,IT,21
2022-07-12,SE,5
2022-07-13,AT,1
2022-07-13,CH,5
2022-07-13,DE,26
2022-07-13,FR,26
2022-07-13,IT,19
2022-07-13,SE,4
2022-07-14,AT,3
2022-07-14,CH,4
2022-07-14,DE,26
2022-07-14,FR,11
2022-07-14,IT,13
2022-07-14,SE,1
2022-07-15,AT,0
2022-07-15,CH,0
2022-07-15,DE,13
2022-07-15,FR,18
2022-07-15,IT,15
2022-07-15,SE,6
2022-07-16,AT,0
2022-07-16,CH,0
2022-07-16,DE,19
2022-07-16,FR,13
2022-07-16,IT,5
2022-07-16,SE,2
2022-07-17,AT,2
2022-07-17,CH,0
2022-07-17,DE,10
2022-07-17,FR,5
2022-07-17,IT,7
2022-07-17,SE,5
2022-07-18,AT,6
2022-07-18,CH,4
2022-07-18,DE,23
2022-07-18,FR,18
2022-07-18,IT,21
2022-07-18,SE,3
2022-07-19,AT,7
2022-07-19,CH,2
2022-07-19,DE,18
2022-07-19,FR,16
2022-07-19,IT,14
2022-07-19,SE,5
2022-07-20,AT,4
2022-07-20,CH,2
2022-07-20,DE,33
2022-07-20,FR,24
2022-07-20,IT,16
2022-07-20,SE,1
2022-07-21,AT,4
2022-07-21,CH,5
2022-07-21,DE,17
2022-07-21,FR,18
2022-07-21,IT,10
2022-07-21,SE,2
2022-07-22,AT,1
2022-07-22,CH,3
2022-07-22,DE,15
2022-07-22,FR,22
2022-07-22,IT,9
2022-07-22,SE,4
2022-07-23,AT,5
2022-07-23,CH,3
2022-07-23,DE,10
2022-07-23,FR,8
2022-07-23,IT,7
2022-07-23,SE,5
2022-07-24,AT,0
2022-07-24,CH,1
2022-07-24,DE,13
2022-07-24,FR,14
2022-07-24,IT,7
2022-07-24,SE,2
2022-07-25,AT,1
2022-07-25,CH,5
2022-07-25,DE,29
2022-07-25,FR,25
2022-07-25,IT,19
2022-07-25,SE,8
2022-07-26,AT,2
2022-07-26,CH,1
2022-07-26,DE,22
2022-07-26,FR,14
2022-07-26,IT,18
2022-07-26,SE,5
2022-07-27,AT,7
2022-07-27,CH,0
2022-07-27,DE,18
2022-07-27,FR,19
2022-07-27,IT,16
2022-07-27,SE,4
2022-07-28,AT,0
2022-07-28,CH,3
2022-07-28,DE,16
2022-07-28,FR,14
2022-07-28,IT,25
2022-07-28,SE,8
2022-07-29,AT,2
2022-07-29,CH,1
2022-07-29,DE,13
2022-07-29,FR,13
2022-07-29,IT,24
2022-07-29,SE,3
2022-07-30,AT,1
2022-07-30,CH,3
2022-07-30,DE,10
2022-07-30,FR,11
2022-07-30,IT,4
2022-07-30,SE,3
2022-07-31,AT,2
2022-07-31,CH,1
2022-07-31,DE,11
2022-07-31,FR,6
2022-07-31,IT,7
2022-07-31,SE,1
2022-08-01,AT,3
2022-08-01,CH,2
2022-08-01,DE,24
2022-08-01,FR,11
2022-08-01,IT,26
2022-08-01,SE,14
2022-08-02,AT,4
2022-08-02,CH,4
2022-08-02,DE,25
2022-08-02,FR,19
2022-08-02,IT,30
2022-08-02,SE,1
2022-08-03,AT,5
2022-08-03,CH,3
2022-08-03,DE,20
2022-08-03,FR,28
2022-08-03,IT,17
2022-08-03,SE,2
2022-08-04,AT,4
2022-08-04,CH,5
2022-08-04,DE,25
2022-08-04,FR,13
2022-08-04,IT,20
2022-08-04,SE,4
2022-08-05,AT,2
2022-08-05,CH,3
2022-08-05,DE,24
2022-08-05,FR,9
2022-08-05,IT,14
2022-08-05,SE,6
2022-08-06,AT,0
2022-08-06,CH,0
2022-08-06,DE,13
2022-08-06,FR,9
2022-08-06,IT,7
2022-08-06,SE,6
2022-08-07,AT,2
2022-08-07,CH,1
2022-08-07,DE,9
2022-08-07,FR,9
2022-08-07,IT,6
2022-08-07,SE,1
2022-08-08,AT,1
2022-08-08,CH,2
2022-08-08,DE,21
2022-08-08,FR,11
2022-08-08,IT,11
2022-08-08,SE,6
2022-08-09,AT,2
2022-08-09,CH,5
2022-08-09,DE,30
2022-08-09,FR,12
2022-08-09,IT,10
2022-08-09,SE,9
2022-08-10,AT,0
2022-08-10,CH,4
2022-08-10,DE,26
2022-08-10,FR,5
2022-08-10,IT,14
2022-08-10,SE,5
2022-08-11,AT,0
2022-08-11,CH,1
2022-08-11,DE,40
2022-08-11,FR,12
2022-08-11,IT,10
2022-08-11,SE,13
2022-08-12,AT,3
2022-08-12,CH,1
2022-08-12,DE,23
2022-08-12,FR,10
2022-08-12,IT,8
2022-08-12,SE,4
2022-08-13,AT,0
2022-08-13,CH,1
2022-08-13,DE,14
2022-08-13,FR,11
2022-08-13,IT,8
2022-08-13,SE,3
2022-08-14,AT,1
2022-08-14,CH,2
2022-08-14,DE,7
2022-08-14,FR,8
2022-08-14,IT,8
2022-08-14,SE,7
2022-08-15,AT,0
2022-08-15,CH,2
2022-08-15,DE,29
2022-08-15,FR,8
2022-08-15,IT,7
2022-08-15,SE,8
2022-08-16,AT,4
2022-08-16,CH,2
2022-08-16,DE,23
2022-08-16,FR,14
2022-08-16,IT,9
2022-08-16,SE,13
2022-08-17,AT,4
2022-08-17,CH,4
2022-08-17,DE,27
2022-08-17,FR,20
2022-08-17,IT,10
2022-08-17,SE,6
2022-08-18,AT,2
2022-08-18,CH,3
2022-08-18,DE,28
2022-08-18,FR,16
2022-08-18,IT,11
2022-08-18,SE,10
2022-08-19,AT,2
2022-08-19,CH,4
2022-08-19,DE,12
2022-08-19,FR,10
2022-08-19,IT,15
2022-08-19,SE,4
2022-08-20,AT,2
2022-08-20,CH,1
2022-08-20,DE,11
2022-08-20,FR,6
2022-08-20,IT,5
2022-08-20,SE,4
2022-08-21,AT,1
2022-08-21,CH,0
2022-08-21,DE,26
2022-08-21,FR,5
2022-08-21,IT,12
2022-08-21,SE,3
2022-08-22,AT,0
2022-08-22,CH,6
2022-08-22,DE,25
2022-08-22,FR,22
2022-08-22,IT,19
2022-08-22,SE,5
2022-08-23,AT,3
2022-08-23,CH,2
2022-08-23,DE,24
2022-08-23,FR,18
2022-08-23,IT,11
2022-08-23,SE,7
2022-08-24,AT,1
2022-08-24,CH,2
2022-08-24,DE,36
2022-08-24,FR,37
2022-08-24,IT,14
2022-08-24,SE,2
2022-08-25,AT,3
2022-08-25,CH,5
2022-08-25,DE,20
2022-08-25,FR,18
2022-08-25,IT,21
2022-08-25,SE,5
2022-08-26,AT,2
2022-08-26,CH,4
2022-08-26,DE,19
2022-08-26,FR,17
2022-08-26,IT,26
2022-08-26,SE,0
2022-08-27,AT,3
2022-08-27,CH,1
2022-08-27,DE,9
2022-08-27,FR,11
2022-08-27,IT,7
2022-08-27,SE,2
2022-08-28,AT,2
2022-08-28,CH,1
2022-08-28,DE,4
2022-08-28,FR,14
2022-08-28,IT,15
2022-08-28,SE,2
2022-08-29,AT,2
2022-08-29,CH,4
2022-08-29,DE,27
2022-08-29,FR,17
2022-08-29,IT,22
2022-08-29,SE,2
2022-08-30,AT,8
2022-08-30,CH,3
2022-08-30,DE,26
2022-08-30,FR,14
2022-08-30,IT,19
2022-08-30,SE,9
2022-08-31,AT,2
2022-08-31,CH,5
2022-08-31,DE,29
2022-08-31,FR,14
2022-08-31,IT,20
2022-08-31,SE,8
2022-09-01,AT,1
2022-09-01,CH,2
2022-09-01,DE,28
2022-09-01,FR,15
2022-09-01,IT,14
2022-09-01,SE,13
2022-09-02,AT,1
2022-09-02,CH,4
2022-09-02,DE,30
2022-09-02,FR,15
2022-09-02,IT,19
2022-09-02,SE,7
2022-09-03,AT,3
2022-09-03,CH,3
2022-09-03,DE,16
2022-09-03,FR,7
2022-09-03,IT,17
2022-09-03,SE,1
2022-09-04,AT,1
2022-09-04,CH,0
2022-09-04,DE,14
2022-09-04,FR,7
2022-09-04,IT,7
2022-09-04,SE,3
2022-09-05,AT,1
2022-09-05,CH,5
2022-09-05,DE,19
2022-09-05,FR,9
2022-09-05,IT,19
2022-09-05,SE,0
2022-09-06,AT,1
2022-09-06,CH,4
2022-09-06,DE,25
2022-09-06,FR,18
2022-09-06,IT,19
2022-09-06,SE,7
2022-09-07,AT,4
2022-09-07,CH,2
2022-09-07,DE,20
2022-09-07,FR,21
2022-09-07,IT,22
2022-09-07,SE,7
2022-09-08,AT,6
2022-09-08,CH,2
2022-09-08,DE,29
2022-09-08,FR,14
2022-09-08,IT,25
2022-09-08,SE,8
2022-09-09,AT,0
2022-09-09,CH,1
2022-09-09,DE,24
2022-09-09,FR,22
2022-09-09,IT,18
2022-09-09,SE,4
2022-09-10,AT,0
2022-09-10,CH,1
2022-09-10,DE,10
2022-09-10,FR,7
2022-09-10,IT,13
2022-09-10,SE,4
2022-09-11,AT,2
2022-09-11,CH,4
2022-09-11,DE,12
2022-09-11,FR,7
2022-09-11,IT,4
2022-09-11,SE,2
2022-09-12,AT,1
2022-09-12,CH,3
2022-09-12,DE,30
2022-09-12,FR,18
2022-09-12,IT,22
2022-09-12,SE,7
2022-09-13,AT,2
2022-09-13,CH,2
2022-09-13,DE,21
2022-09-13,FR,28
2022-09-13,IT,29
2022-09-13,SE,9
2022-09-14,AT,2
2022-09-14,CH,7
2022-09-14,DE,26
2022-09-14,FR,15
2022-09-14,IT,26
2022-09-14,SE,4
2022-09-15,AT,2
2022-09-15,CH,3
2022-09-15,DE,19
2022-09-15,FR,19
2022-09-15,IT,18
2022-09-15,SE,12
2022-09-16,AT,2
2022-09-16,CH,0
2022-09-16,DE,21
2022-09-16,FR,21
2022-09-16,IT,15
2022-09-16,SE,5
2022-09-17,AT,2
2022-09-17,CH,2
2022-09-17,DE,13
2022-09-17,FR,11
2022-09-17,IT,12
2022-09-17,SE,6
2022-09-18,AT,2
2022-09-18,CH,3
2022-09-18,DE,20
2022-09-18,FR,13
2022-09-18,IT,11
2022-09-18,SE,2
2022-09-19,AT,1
2022-09-19,CH,3
2022-09-19,DE,17
2022-09-19,FR,25
2022-09-19,IT,23
2022-09-19,SE,11
2022-09-20,AT,2
2022-09-20,CH,4
2022-09-20,DE,24
2022-09-20,FR,21
2022-09-20,IT,34
2022-09-20,SE,10
2022-09-21,AT,1
2022-09-21,CH,3
2022-09-21,DE,35
2022-09-21,FR,27
2022-09-21,IT,24
2022-09-21,SE,11
2022-09-22,AT,4
2022-09-22,CH,5
2022-09-22,DE,32
2022-09-22,FR,33
2022-09-22,IT,29
2022-09-22,SE,6
2022-09-23,AT,0
2022-09-23,CH,3
2022-09-23,DE,43
2022-09-23,FR,20
2022-09-23,IT,23
2022-09-23,SE,8
2022-09-24,AT,5
2022-09-24,CH,2
2022-09-24,DE,27
2022-09-24,FR,8
2022-09-24,IT,26
2022-09-24,SE,8
2022-09-25,AT,4
2022-09-25,CH,3
2022-09-25,DE,22
2022-09-25,FR,14
2022-09-25,IT,12
2022-09-25,SE,8
2022-09-26,AT,6
2022-09-26,CH,4
2022-09-26,DE,27
2022-09-26,FR,39
2022-09-26,IT,36
2022-09-26,SE,7
2022-09-27,AT,4
2022-09-27,CH,11
2022-09-27,DE,25
2022-09-27,FR,24
2022-09-27,IT,20
2022-09-27,SE,17
2022-09-28,AT,7
2022-09-28,CH,5
2022-09-28,DE,26
2022-09-28,FR,23
2022-09-28,IT,27
2022-09-28,SE,5
2022-09-29,AT,5
2022-09-29,CH,5
2022-09-29,DE,37
2022-09-29,FR,32
2022-09-29,IT,27
2022-09-29,SE,9
2022-09-30,AT,2
2022-09-30,CH,3
2022-09-30,DE,22
2022-09-30,FR,23
2022-09-30,IT,30
2022-09-30,SE,8
2022-10-01,AT,0
2022-10-01,CH,3
2022-10-01,DE,22
2022-10-01,FR,8
2022-10-01,IT,13
2022-10-01,SE,7
2022-10-02,AT,1
2022-10-02,CH,1
2022-10-02,DE,13
2022-10-02,FR,19
2022-10-02,IT,22
2022-10-02,SE,4
2022-10-03,AT,1
2022-10-03,CH,11
2022-10-03,DE,17
2022-10-03,FR,33
2022-10-03,IT,35
2022-10-03,SE,3
2022-10-04,AT,8
2022-10-04,CH,6
2022-10-04,DE,27
2022-10-04,FR,24
2022-10-04,IT,51
2022-10-04,SE,10
2022-10-05,AT,9
2022-10-05,CH,8
2022-10-05,DE,37
2022-10-05,FR,15
2022-10-05,IT,41
2022-10-05,SE,8
2022-10-06,AT,0
2022-10-06,CH,7
2022-10-06,DE,54
2022-10-06,FR,27
2022-10-06,IT,43
2022-10-06,SE,15
2022-10-07,AT,2
2022-10-07,CH,1
2022-10-07,DE,38
2022-10-07,FR,29
2022-10-07,IT,48
2022-10-07,SE,10
2022-10-08,AT,0
2022-10-08,CH,2
2022-10-08,DE,9
2022-10-08,FR,15
2022-10-08,IT,13
2022-10-08,SE,10
2022-10-09,AT,0
2022-10-09,CH,6
2022-10-09,DE,13
2022-10-09,FR,24
2022-10-09,IT,31
2022-10-09,SE,2
2022-10-10,AT,9
2022-10-10,CH,6
2022-10-10,DE,28
2022-10-10,FR,41
2022-10-10,IT,41
2022-10-10,SE,7
2022-10-11,AT,5
2022-10-11,CH,3
2022-10-11,DE,32
2022-10-11,FR,32
2022-10-11,IT,43
2022-10-11,SE,11
2022-10-12,AT,9
2022-10-12,CH,5
2022-10-12,DE,45
2022-10-12,FR,36
2022-10-12,IT,37
2022-10-12,SE,9
2022-10-13,AT,4
2022-10-13,CH,7
2022-10-13,DE,23
2022-10-13,FR,23
2022-10-13,IT,48
2022-10-13,SE,8
2022-10-14,AT,3
2022-10-14,CH,3
2022-10-14,DE,30
2022-10-14,FR,22
2022-10-14,IT,55
2022-10-14,SE,10
2022-10-15,AT,1
2022-10-15,CH,6
2022-10-15,DE,19
2022-10-15,FR,28
2022-10-15,IT,29
2022-10-15,SE,8
2022-10-16,AT,0
2022-10-16,CH,2
2022-10-16,DE,24
2022-10-16,FR,23
2022-10-16,IT,25
2022-10-16,SE,2
2022-10-17,AT,2
2022-10-17,CH,4
2022-10-17,DE,46
2022-10-17,FR,30
2022-10-17,IT,49
2022-10-17,SE,5
2022-10-18,AT,3
2022-10-18,CH,5
2022-10-18,DE,38
2022-10-18,FR,28
2022-10-18,IT,40
2022-10-18,SE,13
2022-10-19,AT,5
2022-10-19,CH,10
2022-10-19,DE,52
2022-10-19,FR,28
2022-10-19,IT,58
2022-10-19,SE,10
2022-10-20,AT,6
2022-10-20,CH,1
2022-10-20,DE,39
2022-10-20,FR,25
2022-10-20,IT,28
2022-10-20,SE,15
2022-10-21,AT,3
2022-10-21,CH,2
2022-10-21,DE,40
2022-10-21,FR,33
2022-10-21,IT,24
2022-10-21,SE,5
2022-10-22,AT,3
2022-10-22,CH,4
2022-10-22,DE,11
2022-10-22,FR,14
2022-10-22,IT,17
2022-10-22,SE,1
2022-10-23,AT,0
2022-10-23,CH,4
2022-10-23,DE,16
2022-10-23,FR,19
2022-10-23,IT,13
2022-10-23,SE,5
2022-10-24,AT,3
2022-10-24,CH,3
2022-10-24,DE,32
2022-10-24,FR,33
2022-10-24,IT,44
2022-10-24,SE,10
2022-10-25,AT,3
2022-10-25,CH,2
2022-10-25,DE,50
2022-10-25,FR,35
2022-10-25,IT,42
2022-10-25,SE,7
2022-10-26,AT,2
2022-10-26,CH,16
2022-10-26,DE,35
2022-10-26,FR,28
2022-10-26,IT,52
2022-10-26,SE,11
2022-10-27,AT,2
2022-10-27,CH,10
2022-10-27,DE,24
2022-10-27,FR,27
2022-10-27,IT,41
2022-10-27,SE,12
2022-10-28,AT,4
2022-10-28,CH,5
2022-10-28,DE,32
2022-10-28,FR,38
2022-10-28,IT,25
2022-10-28,SE,7
2022-10-29,AT,3
2022-10-29,CH,2
2022-10-29,DE,22
2022-10-29,FR,28
2022-10-29,IT,14
2022-10-29,SE,3
2022-10-30,AT,4
2022-10-30,CH,7
2022-10-30,DE,16
2022-10-30,FR,20
2022-10-30,IT,9
2022-10-30,SE,5
2022-10-31,AT,4
2022-10-31,CH,3
2022-10-31,DE,31
2022-10-31,FR,21
2022-10-31,IT,24
2022-10-31,SE,14
2022-11-01,AT,0
2022-11-01,CH,8
2022-11-01,DE,18
2022-11-01,FR,28
2022-11-01,IT,24
2022-11-01,SE,14
2022-11-02,AT,4
2022-11-02,CH,4
2022-11-02,DE,45
2022-11-02,FR,32
2022-11-02,IT,36
2022-11-02,SE,9
2022-11-03,AT,0
2022-11-03,CH,8
2022-11-03,DE,33
2022-11-03,FR,43
2022-11-03,IT,53
2022-11-03,SE,6
2022-11-04,AT,2
2022-11-04,CH,8
2022-11-04,DE,33
2022-11-04,FR,37
2022-11-04,IT,30
2022-11-04,SE,1
2022-11-05,AT,2
2022-11-05,CH,0
2022-11-05,DE,18
2022-11-05,FR,18
2022-11-05,IT,18
2022-11-05,SE,3
2022-11-06,AT,4
2022-11-06,CH,5
2022-11-06,DE,16
2022-11-06,FR,22
2022-11-06,IT,23
2022-11-06,SE,11
2022-11-07,AT,5
2022-11-07,CH,5
2022-11-07,DE,35
2022-11-07,FR,23
2022-11-07,IT,39
2022-11-07,SE,10
2022-11-08,AT,5
2022-11-08,CH,7
2022-11-08,DE,45
2022-11-08,FR,31
2022-11-08,IT,42
2022-11-08,SE,5
2022-11-09,AT,10
2022-11-09,CH,2
2022-11-09,DE,54
2022-11-09,FR,27
2022-11-09,IT,39
2022-11-09,SE,2
2022-11-10,AT,1
2022-11-10,CH,11
2022-11-10,DE,46
2022-11-10,FR,35
2022-11-10,IT,37
2022-11-10,SE,4
2022-11-11,AT,6
2022-11-11,CH,13
2022-11-11,DE,25
2022-11-11,FR,24
2022-11-11,IT,18
2022-11-11,SE,6
2022-11-12,AT,0
2022-11-12,CH,2
2022-11-12,DE,14
2022-11-12,FR,15
2022-11-12,IT,20
2022-11-12,SE,10
2022-11-13,AT,4
2022-11-13,CH,4
2022-11-13,DE,29
2022-11-13,FR,15
2022-11-13,IT,23
2022-11-13,SE,2
2022-11-14,AT,4
2022-11-14,CH,2
2022-11-14,DE,22
2022-11-14,FR,36
2022-11-14,IT,44
2022-11-14,SE,4
2022-11-15,AT,6
2022-11-15,CH,8
2022-11-15,DE,42
2022-11-15,FR,25
2022-11-15,IT,29
2022-11-15,SE,5
