date,countryIsoCode,users
2021-01-01,AT,16
2021-01-01,CH,17
2021-01-01,DE,163
2021-01-01,FR,115
2021-01-01,IT,186
2021-01-01,SE,67
2021-01-02,AT,26
2021-01-02,CH,24
2021-01-02,DE,220
2021-01-02,FR,147
2021-01-02,IT,280
2021-01-02,SE,74
2021-01-03,AT,24
2021-01-03,CH,24
2021-01-03,DE,205
2021-01-03,FR,174
2021-01-03,IT,266
2021-01-03,SE,95
2021-01-04,AT,44
2021-01-04,CH,48
2021-01-04,DE,466
2021-01-04,FR,407
2021-01-04,IT,404
2021-01-04,SE,170
2021-01-05,AT,37
2021-01-05,CH,46
2021-01-05,DE,463
2021-01-05,FR,382
2021-01-05,IT,437
2021-01-05,SE,175
2021-01-06,AT,32
2021-01-06,CH,48
2021-01-06,DE,431
2021-01-06,FR,371
2021-01-06,IT,303
2021-01-06,SE,107
2021-01-07,AT,51
2021-01-07,CH,39
2021-01-07,DE,452
2021-01-07,FR,364
2021-01-07,IT,508
2021-01-07,SE,159
2021-01-08,AT,30
2021-01-08,CH,53
2021-01-08,DE,437
2021-01-08,FR,336
2021-01-08,IT,443
2021-01-08,SE,160
2021-01-09,AT,19
2021-01-09,CH,33
2021-01-09,DE,254
2021-01-09,FR,195
2021-01-09,IT,329
2021-01-09,SE,85
2021-01-10,AT,25
2021-01-10,CH,36
2021-01-10,DE,312
2021-01-10,FR,197
2021-01-10,IT,307
2021-01-10,SE,83
2021-01-11,AT,45
2021-01-11,CH,48
2021-01-11,DE,478
2021-01-11,FR,446
2021-01-11,IT,524
2021-01-11,SE,173
2021-01-12,AT,52
2021-01-12,CH,89
2021-01-12,DE,508
2021-01-12,FR,399
2021-01-12,IT,577
2021-01-12,SE,238
2021-01-13,AT,53
2021-01-13,CH,53
2021-01-13,DE,514
2021-01-13,FR,416
2021-01-13,IT,485
2021-01-13,SE,214
2021-01-14,AT,46
2021-01-14,CH,60
2021-01-14,DE,515
2021-01-14,FR,374
2021-01-14,IT,512
2021-01-14,SE,206
2021-01-15,AT,49
2021-01-15,CH,41
2021-01-15,DE,495
2021-01-15,FR,404
2021-01-15,IT,521
2021-01-15,SE,220
2021-01-16,AT,23
2021-01-16,CH,28
2021-01-16,DE,270
2021-01-16,FR,183
2021-01-16,IT,329
2021-01-16,SE,105
2021-01-17,AT,24
2021-01-17,CH,26
2021-01-17,DE,270
2021-01-17,FR,191
2021-01-17,IT,329
2021-01-17,SE,104
2021-01-18,AT,39
2021-01-18,CH,54
2021-01-18,DE,540
2021-01-18,FR,440
2021-01-18,IT,589
2021-01-18,SE,246
2021-01-19,AT,57
2021-01-19,CH,54
2021-01-19,DE,533
2021-01-19,FR,439
2021-01-19,IT,643
2021-01-19,SE,255
2021-01-20,AT,40
2021-01-20,CH,45
2021-01-20,DE,492
2021-01-20,FR,431
2021-01-20,IT,660
2021-01-20,SE,205
2021-01-21,AT,43
2021-01-21,CH,58
2021-01-21,DE,491
2021-01-21,FR,444
2021-01-21,IT,646
2021-01-21,SE,191
2021-01-22,AT,30
2021-01-22,CH,44
2021-01-22,DE,455
2021-01-22,FR,437
2021-01-22,IT,633
2021-01-22,SE,227
2021-01-23,AT,19
2021-01-23,CH,24
2021-01-23,DE,271
2021-01-23,FR,225
2021-01-23,IT,466
2021-01-23,SE,99
2021-01-24,AT,29
2021-01-24,CH,28
2021-01-24,DE,278
2021-01-24,FR,208
2021-01-24,IT,414
2021-01-24,SE,108
2021-01-25,AT,52
2021-01-25,CH,55
2021-01-25,DE,511
2021-01-25,FR,446
2021-01-25,IT,675
2021-01-25,SE,224
2021-01-26,AT,51
2021-01-26,CH,55
2021-01-26,DE,507
2021-01-26,FR,448
2021-01-26,IT,644
2021-01-26,SE,235
2021-01-27,AT,58
2021-01-27,CH,46
2021-01-27,DE,502
2021-01-27,FR,410
2021-01-27,IT,642
2021-01-27,SE,260
2021-01-28,AT,45
2021-01-28,CH,40
2021-01-28,DE,540
2021-01-28,FR,395
2021-01-28,IT,597
2021-01-28,SE,207
2021-01-29,AT,28
2021-01-29,CH,50
2021-01-29,DE,500
2021-01-29,FR,362
2021-01-29,IT,579
2021-01-29,SE,173
2021-01-30,AT,36
2021-01-30,CH,43
2021-01-30,DE,301
2021-01-30,FR,208
2021-01-30,IT,335
2021-01-30,SE,86
2021-01-31,AT,36
2021-01-31,CH,47
2021-01-31,DE,320
2021-01-31,FR,235
2021-01-31,IT,278
2021-01-31,SE,103
2021-02-01,AT,52
2021-02-01,CH,59
2021-02-01,DE,632
2021-02-01,FR,472
2021-02-01,IT,611
2021-02-01,SE,249
2021-02-02,AT,55
2021-02-02,CH,75
2021-02-02,DE,678
2021-02-02,FR,496
2021-02-02,IT,638
2021-02-02,SE,230
2021-02-03,AT,47
2021-02-03,CH,59
2021-02-03,DE,617
2021-02-03,FR,468
2021-02-03,IT,633
2021-02-03,SE,210
2021-02-04,AT,49
2021-02-04,CH,68
2021-02-04,DE,509
2021-02-04,FR,436
2021-02-04,IT,527
2021-02-04,SE,227
2021-02-05,AT,43
2021-02-05,CH,49
2021-02-05,DE,509
2021-02-05,FR,380
2021-02-05,IT,541
2021-02-05,SE,192
2021-02-06,AT,31
2021-02-06,CH,41
2021-02-06,DE,273
2021-02-06,FR,211
2021-02-06,IT,314
2021-02-06,SE,88
2021-02-07,AT,39
2021-02-07,CH,36
2021-02-07,DE,270
2021-02-07,FR,236
2021-02-07,IT,335
2021-02-07,SE,97
2021-02-08,AT,52
2021-02-08,CH,58
2021-02-08,DE,497
2021-02-08,FR,441
2021-02-08,IT,576
2021-02-08,SE,224
2021-02-09,AT,35
2021-02-09,CH,57
2021-02-09,DE,512
2021-02-09,FR,416
2021-02-09,IT,533
2021-02-09,SE,222
2021-02-10,AT,47
2021-02-10,CH,60
2021-02-10,DE,580
2021-02-10,FR,405
2021-02-10,IT,549
2021-02-10,SE,231
2021-02-11,AT,47
2021-02-11,CH,75
2021-02-11,DE,495
2021-02-11,FR,425
2021-02-11,IT,530
2021-02-11,SE,208
2021-02-12,AT,31
2021-02-12,CH,53
2021-02-12,DE,463
2021-02-12,FR,385
2021-02-12,IT,513
2021-02-12,SE,215
2021-02-13,AT,25
2021-02-13,CH,30
2021-02-13,DE,274
2021-02-13,FR,199
2021-02-13,IT,331
2021-02-13,SE,97
2021-02-14,AT,26
2021-02-14,CH,30
2021-02-14,DE,263
2021-02-14,FR,194
2021-02-14,IT,271
2021-02-14,SE,89
2021-02-15,AT,45
2021-02-15,CH,68
2021-02-15,DE,563
2021-02-15,FR,434
2021-02-15,IT,593
2021-02-15,SE,236
2021-02-16,AT,44
2021-02-16,CH,47
2021-02-16,DE,557
2021-02-16,FR,425
2021-02-16,IT,559
2021-02-16,SE,249
2021-02-17,AT,40
2021-02-17,CH,63
2021-02-17,DE,551
2021-02-17,FR,420
2021-02-17,IT,617
2021-02-17,SE,248
2021-02-18,AT,48
2021-02-18,CH,64
2021-02-18,DE,562
2021-02-18,FR,479
2021-02-18,IT,539
2021-02-18,SE,248
2021-02-19,AT,42
2021-02-19,CH,38
2021-02-19,DE,482
2021-02-19,FR,365
2021-02-19,IT,525
2021-02-19,SE,194
2021-02-20,AT,21
2021-02-20,CH,25
2021-02-20,DE,253
2021-02-20,FR,207
2021-02-20,IT,306
2021-02-20,SE,95
2021-02-21,AT,26
2021-02-21,CH,23
2021-02-21,DE,236
2021-02-21,FR,175
2021-02-21,IT,273
2021-02-21,SE,94
2021-02-22,AT,36
2021-02-22,CH,58
2021-02-22,DE,521
2021-02-22,FR,404
2021-02-22,IT,566
2021-02-22,SE,229
2021-02-23,AT,51
2021-02-23,CH,68
2021-02-23,DE,529
2021-02-23,FR,402
2021-02-23,IT,538
2021-02-23,SE,216
2021-02-24,AT,43
2021-02-24,CH,52
2021-02-24,DE,526
2021-02-24,FR,401
2021-02-24,IT,583
2021-02-24,SE,239
2021-02-25,AT,41
2021-02-25,CH,47
2021-02-25,DE,477
2021-02-25,FR,453
2021-02-25,IT,524
2021-02-25,SE,194
2021-02-26,AT,39
2021-02-26,CH,33
2021-02-26,DE,487
2021-02-26,FR,381
2021-02-26,IT,494
2021-02-26,SE,166
2021-02-27,AT,25
2021-02-27,CH,29
2021-02-27,DE,239
2021-02-27,FR,199
2021-02-27,IT,305
2021-02-27,SE,76
2021-02-28,AT,31
2021-02-28,CH,32
2021-02-28,DE,264
2021-02-28,FR,178
2021-02-28,IT,298
2021-02-28,SE,83
2021-03-01,AT,55
2021-03-01,CH,54
2021-03-01,DE,567
2021-03-01,FR,434
2021-03-01,IT,575
2021-03-01,SE,231
2021-03-02,AT,53
2021-03-02,CH,47
2021-03-02,DE,596
2021-03-02,FR,447
2021-03-02,IT,549
2021-03-02,SE,234
2021-03-03,AT,47
2021-03-03,CH,58
2021-03-03,DE,585
2021-03-03,FR,400
2021-03-03,IT,545
2021-03-03,SE,227
2021-03-04,AT,54
2021-03-04,CH,62
2021-03-04,DE,558
2021-03-04,FR,450
2021-03-04,IT,572
2021-03-04,SE,207
2021-03-05,AT,47
2021-03-05,CH,44
2021-03-05,DE,476
2021-03-05,FR,407
2021-03-05,IT,498
2021-03-05,SE,175
2021-03-06,AT,27
2021-03-06,CH,29
2021-03-06,DE,300
2021-03-06,FR,203
2021-03-06,IT,369
2021-03-06,SE,82
2021-03-07,AT,19
2021-03-07,CH,34
2021-03-07,DE,321
2021-03-07,FR,233
2021-03-07,IT,329
2021-03-07,SE,84
2021-03-08,AT,56
2021-03-08,CH,45
2021-03-08,DE,533
2021-03-08,FR,458
2021-03-08,IT,538
2021-03-08,SE,210
2021-03-09,AT,50
2021-03-09,CH,50
2021-03-09,DE,574
2021-03-09,FR,457
2021-03-09,IT,604
2021-03-09,SE,210
2021-03-10,AT,37
2021-03-10,CH,56
2021-03-10,DE,559
2021-03-10,FR,445
2021-03-10,IT,577
2021-03-10,SE,197
2021-03-11,AT,54
2021-03-11,CH,39
2021-03-11,DE,572
2021-03-11,FR,451
2021-03-11,IT,597
2021-03-11,SE,202
2021-03-12,AT,43
2021-03-12,CH,45
2021-03-12,DE,499
2021-03-12,FR,439
2021-03-12,IT,500
2021-03-12,SE,187
2021-03-13,AT,27
2021-03-13,CH,44
2021-03-13,DE,268
2021-03-13,FR,251
2021-03-13,IT,299
2021-03-13,SE,77
2021-03-14,AT,25
2021-03-14,CH,26
2021-03-14,DE,284
2021-03-14,FR,231
2021-03-14,IT,302
2021-03-14,SE,102
2021-03-15,AT,53
2021-03-15,CH,46
2021-03-15,DE,530
2021-03-15,FR,496
2021-03-15,IT,596
2021-03-15,SE,230
2021-03-16,AT,55
2021-03-16,CH,49
2021-03-16,DE,529
2021-03-16,FR,524
2021-03-16,IT,584
2021-03-16,SE,210
2021-03-17,AT,55
2021-03-17,CH,56
2021-03-17,DE,555
2021-03-17,FR,479
2021-03-17,IT,587
2021-03-17,SE,207
2021-03-18,AT,45
2021-03-18,CH,54
2021-03-18,DE,481
2021-03-18,FR,446
2021-03-18,IT,625
2021-03-18,SE,196
2021-03-19,AT,40
2021-03-19,CH,54
2021-03-19,DE,460
2021-03-19,FR,382
2021-03-19,IT,563
2021-03-19,SE,174
2021-03-20,AT,21
2021-03-20,CH,31
2021-03-20,DE,252
2021-03-20,FR,184
2021-03-20,IT,396
2021-03-20,SE,85
2021-03-21,AT,23
2021-03-21,CH,45
2021-03-21,DE,262
2021-03-21,FR,207
2021-03-21,IT,363
2021-03-21,SE,91
2021-03-22,AT,53
2021-03-22,CH,43
2021-03-22,DE,515
2021-03-22,FR,427
2021-03-22,IT,541
2021-03-22,SE,214
2021-03-23,AT,37
2021-03-23,CH,58
2021-03-23,DE,461
2021-03-23,FR,444
2021-03-23,IT,508
2021-03-23,SE,192
2021-03-24,AT,41
2021-03-24,CH,54
2021-03-24,DE,441
2021-03-24,FR,381
2021-03-24,IT,512
2021-03-24,SE,194
2021-03-25,AT,41
2021-03-25,CH,48
2021-03-25,DE,470
2021-03-25,FR,392
2021-03-25,IT,475
2021-03-25,SE,196
2021-03-26,AT,40
2021-03-26,CH,34
2021-03-26,DE,383
2021-03-26,FR,392
2021-03-26,IT,475
2021-03-26,SE,198
2021-03-27,AT,28
2021-03-27,CH,31
2021-03-27,DE,248
2021-03-27,FR,197
2021-03-27,IT,322
2021-03-27,SE,69
2021-03-28,AT,19
2021-03-28,CH,22
2021-03-28,DE,237
2021-03-28,FR,182
2021-03-28,IT,294
2021-03-28,SE,89
2021-03-29,AT,42
2021-03-29,CH,58
2021-03-29,DE,447
2021-03-29,FR,405
2021-03-29,IT,484
2021-03-29,SE,220
2021-03-30,AT,36
2021-03-30,CH,44
2021-03-30,DE,424
2021-03-30,FR,365
2021-03-30,IT,469
2021-03-30,SE,222
2021-03-31,AT,36
2021-03-31,CH,39
2021-03-31,DE,451
2021-03-31,FR,314
2021-03-31,IT,475
2021-03-31,SE,199
2021-04-01,AT,41
2021-04-01,CH,43
2021-04-01,DE,422
2021-04-01,FR,297
2021-04-01,IT,451
2021-04-01,SE,169
2021-04-02,AT,41
2021-04-02,CH,47
2021-04-02,DE,244
2021-04-02,FR,295
2021-04-02,IT,388
2021-04-02,SE,80
2021-04-03,AT,22
2021-04-03,CH,26
2021-04-03,DE,228
2021-04-03,FR,158
2021-04-03,IT,253
2021-04-03,SE,62
2021-04-04,AT,23
2021-04-04,CH,28
2021-04-04,DE,196
2021-04-04,FR,140
2021-04-04,IT,197
2021-04-04,SE,70
2021-04-05,AT,28
2021-04-05,CH,29
2021-04-05,DE,294
2021-04-05,FR,174
2021-04-05,IT,296
2021-04-05,SE,96
2021-04-06,AT,41
2021-04-06,CH,47
2021-04-06,DE,574
2021-04-06,FR,404
2021-04-06,IT,631
2021-04-06,SE,207
2021-04-07,AT,55
2021-04-07,CH,48
2021-04-07,DE,556
2021-04-07,FR,397
2021-04-07,IT,664
2021-04-07,SE,218
2021-04-08,AT,48
2021-04-08,CH,51
2021-04-08,DE,546
2021-04-08,FR,397
2021-04-08,IT,611
2021-04-08,SE,213
2021-04-09,AT,42
2021-04-09,CH,55
2021-04-09,DE,519
2021-04-09,FR,360
2021-04-09,IT,575
2021-04-09,SE,173
2021-04-10,AT,25
2021-04-10,CH,35
2021-04-10,DE,282
2021-04-10,FR,219
2021-04-10,IT,380
2021-04-10,SE,53
2021-04-11,AT,39
2021-04-11,CH,27
2021-04-11,DE,289
2021-04-11,FR,237
2021-04-11,IT,377
2021-04-11,SE,89
2021-04-12,AT,57
2021-04-12,CH,47
2021-04-12,DE,603
2021-04-12,FR,428
2021-04-12,IT,639
2021-04-12,SE,206
2021-04-13,AT,53
2021-04-13,CH,58
2021-04-13,DE,572
2021-04-13,FR,384
2021-04-13,IT,587
2021-04-13,SE,201
2021-04-14,AT,61
2021-04-14,CH,50
2021-04-14,DE,531
2021-04-14,FR,384
2021-04-14,IT,594
2021-04-14,SE,219
2021-04-15,AT,52
2021-04-15,CH,57
2021-04-15,DE,530
2021-04-15,FR,395
2021-04-15,IT,563
2021-04-15,SE,195
2021-04-16,AT,45
2021-04-16,CH,50
2021-04-16,DE,469
2021-04-16,FR,324
2021-04-16,IT,529
2021-04-16,SE,204
2021-04-17,AT,28
2021-04-17,CH,33
2021-04-17,DE,241
2021-04-17,FR,155
2021-04-17,IT,326
2021-04-17,SE,74
2021-04-18,AT,30
2021-04-18,CH,31
2021-04-18,DE,275
2021-04-18,FR,156
2021-04-18,IT,322
2021-04-18,SE,86
2021-04-19,AT,63
2021-04-19,CH,53
2021-04-19,DE,560
2021-04-19,FR,375
2021-04-19,IT,505
2021-04-19,SE,210
2021-04-20,AT,45
2021-04-20,CH,62
2021-04-20,DE,561
2021-04-20,FR,399
2021-04-20,IT,500
2021-04-20,SE,221
2021-04-21,AT,48
2021-04-21,CH,54
2021-04-21,DE,541
2021-04-21,FR,431
2021-04-21,IT,500
2021-04-21,SE,196
2021-04-22,AT,51
2021-04-22,CH,46
2021-04-22,DE,523
2021-04-22,FR,403
2021-04-22,IT,569
2021-04-22,SE,229
2021-04-23,AT,43
2021-04-23,CH,54
2021-04-23,DE,470
2021-04-23,FR,338
2021-04-23,IT,472
2021-04-23,SE,182
2021-04-24,AT,27
2021-04-24,CH,31
2021-04-24,DE,241
2021-04-24,FR,150
2021-04-24,IT,333
2021-04-24,SE,68
2021-04-25,AT,25
2021-04-25,CH,36
2021-04-25,DE,253
2021-04-25,FR,175
2021-04-25,IT,270
2021-04-25,SE,74
2021-04-26,AT,50
2021-04-26,CH,54
2021-04-26,DE,510
2021-04-26,FR,538
2021-04-26,IT,483
2021-04-26,SE,202
2021-04-27,AT,56
2021-04-27,CH,51
2021-04-27,DE,538
2021-04-27,FR,722
2021-04-27,IT,558
2021-04-27,SE,212
2021-04-28,AT,42
2021-04-28,CH,64
2021-04-28,DE,534
2021-04-28,FR,485
2021-04-28,IT,549
2021-04-28,SE,208
2021-04-29,AT,47
2021-04-29,CH,65
2021-04-29,DE,526
2021-04-29,FR,420
2021-04-29,IT,515
2021-04-29,SE,205
2021-04-30,AT,43
2021-04-30,CH,45
2021-04-30,DE,472
2021-04-30,FR,402
2021-04-30,IT,496
2021-04-30,SE,202
2021-05-01,AT,18
2021-05-01,CH,44
2021-05-01,DE,268
2021-05-01,FR,177
2021-05-01,IT,273
2021-05-01,SE,71
2021-05-02,AT,27
2021-05-02,CH,31
2021-05-02,DE,296
2021-05-02,FR,206
2021-05-02,IT,289
2021-05-02,SE,97
2021-05-03,AT,52
2021-05-03,CH,45
2021-05-03,DE,508
2021-05-03,FR,384
2021-05-03,IT,480
2021-05-03,SE,232
2021-05-04,AT,36
2021-05-04,CH,45
2021-05-04,DE,544
2021-05-04,FR,384
2021-05-04,IT,472
2021-05-04,SE,251
2021-05-05,AT,49
2021-05-05,CH,42
2021-05-05,DE,557
2021-05-05,FR,372
2021-05-05,IT,490
2021-05-05,SE,302
2021-05-06,AT,41
2021-05-06,CH,59
2021-05-06,DE,532
2021-05-06,FR,347
2021-05-06,IT,527
2021-05-06,SE,243
2021-05-07,AT,52
2021-05-07,CH,39
2021-05-07,DE,522
2021-05-07,FR,307
2021-05-07,IT,441
2021-05-07,SE,191
2021-05-08,AT,26
2021-05-08,CH,22
2021-05-08,DE,232
2021-05-08,FR,143
2021-05-08,IT,236
2021-05-08,SE,77
2021-05-09,AT,16
2021-05-09,CH,22
2021-05-09,DE,223
2021-05-09,FR,152
2021-05-09,IT,206
2021-05-09,SE,86
2021-05-10,AT,47
2021-05-10,CH,58
2021-05-10,DE,528
2021-05-10,FR,399
2021-05-10,IT,487
2021-05-10,SE,271
2021-05-11,AT,35
2021-05-11,CH,51
2021-05-11,DE,555
2021-05-11,FR,426
2021-05-11,IT,566
2021-05-11,SE,192
2021-05-12,AT,52
2021-05-12,CH,53
2021-05-12,DE,484
2021-05-12,FR,376
2021-05-12,IT,556
2021-05-12,SE,219
2021-05-13,AT,26
2021-05-13,CH,38
2021-05-13,DE,316
2021-05-13,FR,207
2021-05-13,IT,529
2021-05-13,SE,84
2021-05-14,AT,36
2021-05-14,CH,43
2021-05-14,DE,421
2021-05-14,FR,278
2021-05-14,IT,535
2021-05-14,SE,154
2021-05-15,AT,27
2021-05-15,CH,22
2021-05-15,DE,259
2021-05-15,FR,212
2021-05-15,IT,319
2021-05-15,SE,59
2021-05-16,AT,26
2021-05-16,CH,40
2021-05-16,DE,277
2021-05-16,FR,206
2021-05-16,IT,313
2021-05-16,SE,81
2021-05-17,AT,41
2021-05-17,CH,46
2021-05-17,DE,566
2021-05-17,FR,433
2021-05-17,IT,583
2021-05-17,SE,199
2021-05-18,AT,52
2021-05-18,CH,61
2021-05-18,DE,569
2021-05-18,FR,439
2021-05-18,IT,580
2021-05-18,SE,228
2021-05-19,AT,36
2021-05-19,CH,64
2021-05-19,DE,537
2021-05-19,FR,385
2021-05-19,IT,499
2021-05-19,SE,213
2021-05-20,AT,37
2021-05-20,CH,48
2021-05-20,DE,495
2021-05-20,FR,402
2021-05-20,IT,632
2021-05-20,SE,198
2021-05-21,AT,24
2021-05-21,CH,43
2021-05-21,DE,460
2021-05-21,FR,364
2021-05-21,IT,505
2021-05-21,SE,190
2021-05-22,AT,16
2021-05-22,CH,22
2021-05-22,DE,255
2021-05-22,FR,161
2021-05-22,IT,316
2021-05-22,SE,71
2021-05-23,AT,24
2021-05-23,CH,15
2021-05-23,DE,272
2021-05-23,FR,139
2021-05-23,IT,303
2021-05-23,SE,85
2021-05-24,AT,22
2021-05-24,CH,35
2021-05-24,DE,294
2021-05-24,FR,237
2021-05-24,IT,463
2021-05-24,SE,222
2021-05-25,AT,53
2021-05-25,CH,49
2021-05-25,DE,516
2021-05-25,FR,330
2021-05-25,IT,385
2021-05-25,SE,208
2021-05-26,AT,38
2021-05-26,CH,47
2021-05-26,DE,489
2021-05-26,FR,341
2021-05-26,IT,430
2021-05-26,SE,213
2021-05-27,AT,30
2021-05-27,CH,49
2021-05-27,DE,477
2021-05-27,FR,314
2021-05-27,IT,405
2021-05-27,SE,231
2021-05-28,AT,33
2021-05-28,CH,52
2021-05-28,DE,434
2021-05-28,FR,297
2021-05-28,IT,384
2021-05-28,SE,169
2021-05-29,AT,12
2021-05-29,CH,20
2021-05-29,DE,181
2021-05-29,FR,136
2021-05-29,IT,198
2021-05-29,SE,53
2021-05-30,AT,10
2021-05-30,CH,22
2021-05-30,DE,216
2021-05-30,FR,95
2021-05-30,IT,162
2021-05-30,SE,44
2021-05-31,AT,46
2021-05-31,CH,45
2021-05-31,DE,437
2021-05-31,FR,329
2021-05-31,IT,391
2021-05-31,SE,186
2021-06-01,AT,43
2021-06-01,CH,52
2021-06-01,DE,454
2021-06-01,FR,349
2021-06-01,IT,373
2021-06-01,SE,182
2021-06-02,AT,45
2021-06-02,CH,54
2021-06-02,DE,465
2021-06-02,FR,333
2021-06-02,IT,249
2021-06-02,SE,190
2021-06-03,AT,17
2021-06-03,CH,43
2021-06-03,DE,352
2021-06-03,FR,363
2021-06-03,IT,396
2021-06-03,SE,180
2021-06-04,AT,35
2021-06-04,CH,28
2021-06-04,DE,399
2021-06-04,FR,307
2021-06-04,IT,399
2021-06-04,SE,139
2021-06-05,AT,14
2021-06-05,CH,26
2021-06-05,DE,217
2021-06-05,FR,144
2021-06-05,IT,211
2021-06-05,SE,70
2021-06-06,AT,31
2021-06-06,CH,25
2021-06-06,DE,230
2021-06-06,FR,156
2021-06-06,IT,231
2021-06-06,SE,62
2021-06-07,AT,36
2021-06-07,CH,54
2021-06-07,DE,531
2021-06-07,FR,333
2021-06-07,IT,469
2021-06-07,SE,206
2021-06-08,AT,46
2021-06-08,CH,40
2021-06-08,DE,488
2021-06-08,FR,319
2021-06-08,IT,424
2021-06-08,SE,190
2021-06-09,AT,37
2021-06-09,CH,39
2021-06-09,DE,503
2021-06-09,FR,315
2021-06-09,IT,428
2021-06-09,SE,150
2021-06-10,AT,36
2021-06-10,CH,49
2021-06-10,DE,432
2021-06-10,FR,305
2021-06-10,IT,430
2021-06-10,SE,148
2021-06-11,AT,36
2021-06-11,CH,38
2021-06-11,DE,406
2021-06-11,FR,274
2021-06-11,IT,381
2021-06-11,SE,157
2021-06-12,AT,13
2021-06-12,CH,14
2021-06-12,DE,206
2021-06-12,FR,135
2021-06-12,IT,214
2021-06-12,SE,61
2021-06-13,AT,16
2021-06-13,CH,28
2021-06-13,DE,208
2021-06-13,FR,117
2021-06-13,IT,201
2021-06-13,SE,77
2021-06-14,AT,32
2021-06-14,CH,39
2021-06-14,DE,460
2021-06-14,FR,361
2021-06-14,IT,399
2021-06-14,SE,167
2021-06-15,AT,39
2021-06-15,CH,44
2021-06-15,DE,450
2021-06-15,FR,336
2021-06-15,IT,449
2021-06-15,SE,167
2021-06-16,AT,40
2021-06-16,CH,46
2021-06-16,DE,460
2021-06-16,FR,308
2021-06-16,IT,392
2021-06-16,SE,198
2021-06-17,AT,41
2021-06-17,CH,45
2021-06-17,DE,433
2021-06-17,FR,317
2021-06-17,IT,316
2021-06-17,SE,174
2021-06-18,AT,24
2021-06-18,CH,31
2021-06-18,DE,388
2021-06-18,FR,283
2021-06-18,IT,291
2021-06-18,SE,124
2021-06-19,AT,13
2021-06-19,CH,16
2021-06-19,DE,159
2021-06-19,FR,124
2021-06-19,IT,140
2021-06-19,SE,63
2021-06-20,AT,11
2021-06-20,CH,13
2021-06-20,DE,195
2021-06-20,FR,128
2021-06-20,IT,123
2021-06-20,SE,65
2021-06-21,AT,31
2021-06-21,CH,48
2021-06-21,DE,490
2021-06-21,FR,324
2021-06-21,IT,356
2021-06-21,SE,185
2021-06-22,AT,44
2021-06-22,CH,51
2021-06-22,DE,475
2021-06-22,FR,325
2021-06-22,IT,445
2021-06-22,SE,180
2021-06-23,AT,38
2021-06-23,CH,39
2021-06-23,DE,457
2021-06-23,FR,305
2021-06-23,IT,484
2021-06-23,SE,168
2021-06-24,AT,36
2021-06-24,CH,39
2021-06-24,DE,460
2021-06-24,FR,327
2021-06-24,IT,473
2021-06-24,SE,149
2021-06-25,AT,33
2021-06-25,CH,38
2021-06-25,DE,388
2021-06-25,FR,283
2021-06-25,IT,452
2021-06-25,SE,46
2021-06-26,AT,16
2021-06-26,CH,20
2021-06-26,DE,183
2021-06-26,FR,123
2021-06-26,IT,253
2021-06-26,SE,51
2021-06-27,AT,11
2021-06-27,CH,26
2021-06-27,DE,183
2021-06-27,FR,113
2021-06-27,IT,237
2021-06-27,SE,55
2021-06-28,AT,36
2021-06-28,CH,35
2021-06-28,DE,455
2021-06-28,FR,308
2021-06-28,IT,472
2021-06-28,SE,157
2021-06-29,AT,35
2021-06-29,CH,57
2021-06-29,DE,419
2021-06-29,FR,316
2021-06-29,IT,448
2021-06-29,SE,142
2021-06-30,AT,23
2021-06-30,CH,44
2021-06-30,DE,376
2021-06-30,FR,281
2021-06-30,IT,376
2021-06-30,SE,110
2021-07-01,AT,36
2021-07-01,CH,39
2021-07-01,DE,429
2021-07-01,FR,285
2021-07-01,IT,482
2021-07-01,SE,157
2021-07-02,AT,26
2021-07-02,CH,30
2021-07-02,DE,376
2021-07-02,FR,271
2021-07-02,IT,397
2021-07-02,SE,122
2021-07-03,AT,19
2021-07-03,CH,22
2021-07-03,DE,164
2021-07-03,FR,121
2021-07-03,IT,236
2021-07-03,SE,48
2021-07-04,AT,19
2021-07-04,CH,21
2021-07-04,DE,198
2021-07-04,FR,139
2021-07-04,IT,206
2021-07-04,SE,67
2021-07-05,AT,29
2021-07-05,CH,59
2021-07-05,DE,451
2021-07-05,FR,376
2021-07-05,IT,460
2021-07-05,SE,183
2021-07-06,AT,36
2021-07-06,CH,46
2021-07-06,DE,468
2021-07-06,FR,290
2021-07-06,IT,423
2021-07-06,SE,163
2021-07-07,AT,42
2021-07-07,CH,48
2021-07-07,DE,463
2021-07-07,FR,316
2021-07-07,IT,411
2021-07-07,SE,123
2021-07-08,AT,38
2021-07-08,CH,49
2021-07-08,DE,488
2021-07-08,FR,326
2021-07-08,IT,449
2021-07-08,SE,127
2021-07-09,AT,31
2021-07-09,CH,37
2021-07-09,DE,409
2021-07-09,FR,290
2021-07-09,IT,386
2021-07-09,SE,151
2021-07-10,AT,11
2021-07-10,CH,16
2021-07-10,DE,197
2021-07-10,FR,134
2021-07-10,IT,213
2021-07-10,SE,56
2021-07-11,AT,22
2021-07-11,CH,26
2021-07-11,DE,221
2021-07-11,FR,122
2021-07-11,IT,179
2021-07-11,SE,50
2021-07-12,AT,46
2021-07-12,CH,35
2021-07-12,DE,459
2021-07-12,FR,298
2021-07-12,IT,401
2021-07-12,SE,121
2021-07-13,AT,33
2021-07-13,CH,43
2021-07-13,DE,460
2021-07-13,FR,305
2021-07-13,IT,509
2021-07-13,SE,139
2021-07-14,AT,45
2021-07-14,CH,55
2021-07-14,DE,492
2021-07-14,FR,161
2021-07-14,IT,462
2021-07-14,SE,124
2021-07-15,AT,37
2021-07-15,CH,40
2021-07-15,DE,392
2021-07-15,FR,303
2021-07-15,IT,466
2021-07-15,SE,109
2021-07-16,AT,24
2021-07-16,CH,48
2021-07-16,DE,341
2021-07-16,FR,272
2021-07-16,IT,428
2021-07-16,SE,95
2021-07-17,AT,11
2021-07-17,CH,22
2021-07-17,DE,168
2021-07-17,FR,94
2021-07-17,IT,241
2021-07-17,SE,55
2021-07-18,AT,14
2021-07-18,CH,19
2021-07-18,DE,194
2021-07-18,FR,122
2021-07-18,IT,189
2021-07-18,SE,59
2021-07-19,AT,31
2021-07-19,CH,50
2021-07-19,DE,373
2021-07-19,FR,294
2021-07-19,IT,456
2021-07-19,SE,110
2021-07-20,AT,26
2021-07-20,CH,39
2021-07-20,DE,371
2021-07-20,FR,278
2021-07-20,IT,440
2021-07-20,SE,95
2021-07-21,AT,29
2021-07-21,CH,31
2021-07-21,DE,374
2021-07-21,FR,261
2021-07-21,IT,456
2021-07-21,SE,102
2021-07-22,AT,28
2021-07-22,CH,39
2021-07-22,DE,366
2021-07-22,FR,258
2021-07-22,IT,420
2021-07-22,SE,92
2021-07-23,AT,19
2021-07-23,CH,40
2021-07-23,DE,291
2021-07-23,FR,227
2021-07-23,IT,347
2021-07-23,SE,99
2021-07-24,AT,9
2021-07-24,CH,17
2021-07-24,DE,165
2021-07-24,FR,136
2021-07-24,IT,210
2021-07-24,SE,42
2021-07-25,AT,20
2021-07-25,CH,32
2021-07-25,DE,153
2021-07-25,FR,130
2021-07-25,IT,192
2021-07-25,SE,46
2021-07-26,AT,42
2021-07-26,CH,45
2021-07-26,DE,338
2021-07-26,FR,283
2021-07-26,IT,409
2021-07-26,SE,95
2021-07-27,AT,33
2021-07-27,CH,45
2021-07-27,DE,380
2021-07-27,FR,295
2021-07-27,IT,456
2021-07-27,SE,105
2021-07-28,AT,28
2021-07-28,CH,40
2021-07-28,DE,341
2021-07-28,FR,266
2021-07-28,IT,430
2021-07-28,SE,119
2021-07-29,AT,18
2021-07-29,CH,39
2021-07-29,DE,343
2021-07-29,FR,208
2021-07-29,IT,390
2021-07-29,SE,96
2021-07-30,AT,21
2021-07-30,CH,30
2021-07-30,DE,302
2021-07-30,FR,235
2021-07-30,IT,345
2021-07-30,SE,112
2021-07-31,AT,9
2021-07-31,CH,15
2021-07-31,DE,157
2021-07-31,FR,87
2021-07-31,IT,188
2021-07-31,SE,54
2021-08-01,AT,16
2021-08-01,CH,28
2021-08-01,DE,200
2021-08-01,FR,99
2021-08-01,IT,157
2021-08-01,SE,67
2021-08-02,AT,29
2021-08-02,CH,41
2021-08-02,DE,371
2021-08-02,FR,226
2021-08-02,IT,356
2021-08-02,SE,134
2021-08-03,AT,38
2021-08-03,CH,44
2021-08-03,DE,407
2021-08-03,FR,241
2021-08-03,IT,411
2021-08-03,SE,144
2021-08-04,AT,41
2021-08-04,CH,49
2021-08-04,DE,382
2021-08-04,FR,254
2021-08-04,IT,409
2021-08-04,SE,120
2021-08-05,AT,31
2021-08-05,CH,39
2021-08-05,DE,457
2021-08-05,FR,216
2021-08-05,IT,367
2021-08-05,SE,116
2021-08-06,AT,37
2021-08-06,CH,35
2021-08-06,DE,377
2021-08-06,FR,219
2021-08-06,IT,324
2021-08-06,SE,120
2021-08-07,AT,25
2021-08-07,CH,31
2021-08-07,DE,187
2021-08-07,FR,106
2021-08-07,IT,189
2021-08-07,SE,66
2021-08-08,AT,13
2021-08-08,CH,21
2021-08-08,DE,173
2021-08-08,FR,111
2021-08-08,IT,161
2021-08-08,SE,68
2021-08-09,AT,41
2021-08-09,CH,34
2021-08-09,DE,392
2021-08-09,FR,192
2021-08-09,IT,324
2021-08-09,SE,142
2021-08-10,AT,34
2021-08-10,CH,55
2021-08-10,DE,399
2021-08-10,FR,206
2021-08-10,IT,313
2021-08-10,SE,148
2021-08-11,AT,32
2021-08-11,CH,42
2021-08-11,DE,355
2021-08-11,FR,218
2021-08-11,IT,348
2021-08-11,SE,178
2021-08-12,AT,27
2021-08-12,CH,37
2021-08-12,DE,345
2021-08-12,FR,238
2021-08-12,IT,299
2021-08-12,SE,152
2021-08-13,AT,32
2021-08-13,CH,25
2021-08-13,DE,294
2021-08-13,FR,185
2021-08-13,IT,282
2021-08-13,SE,136
2021-08-14,AT,16
2021-08-14,CH,15
2021-08-14,DE,129
2021-08-14,FR,112
2021-08-14,IT,165
2021-08-14,SE,54
2021-08-15,AT,8
2021-08-15,CH,19
2021-08-15,DE,167
2021-08-15,FR,103
2021-08-15,IT,138
2021-08-15,SE,59
2021-08-16,AT,32
2021-08-16,CH,53
2021-08-16,DE,371
2021-08-16,FR,224
2021-08-16,IT,274
2021-08-16,SE,190
2021-08-17,AT,38
2021-08-17,CH,44
2021-08-17,DE,398
2021-08-17,FR,252
2021-08-17,IT,317
2021-08-17,SE,164
2021-08-18,AT,39
2021-08-18,CH,36
2021-08-18,DE,353
2021-08-18,FR,192
2021-08-18,IT,238
2021-08-18,SE,156
2021-08-19,AT,23
2021-08-19,CH,26
2021-08-19,DE,307
2021-08-19,FR,201
2021-08-19,IT,171
2021-08-19,SE,125
2021-08-20,AT,33
2021-08-20,CH,26
2021-08-20,DE,328
2021-08-20,FR,221
2021-08-20,IT,279
2021-08-20,SE,149
2021-08-21,AT,23
2021-08-21,CH,32
2021-08-21,DE,155
2021-08-21,FR,122
2021-08-21,IT,187
2021-08-21,SE,51
2021-08-22,AT,8
2021-08-22,CH,18
2021-08-22,DE,195
2021-08-22,FR,123
2021-08-22,IT,214
2021-08-22,SE,68
2021-08-23,AT,40
2021-08-23,CH,35
2021-08-23,DE,371
2021-08-23,FR,271
2021-08-23,IT,369
2021-08-23,SE,169
2021-08-24,AT,42
2021-08-24,CH,51
2021-08-24,DE,367
2021-08-24,FR,273
2021-08-24,IT,411
2021-08-24,SE,160
2021-08-25,AT,27
2021-08-25,CH,36
2021-08-25,DE,367
2021-08-25,FR,249
2021-08-25,IT,403
2021-08-25,SE,173
2021-08-26,AT,47
2021-08-26,CH,44
2021-08-26,DE,364
2021-08-26,FR,208
2021-08-26,IT,366
2021-08-26,SE,188
2021-08-27,AT,27
2021-08-27,CH,30
2021-08-27,DE,327
2021-08-27,FR,240
2021-08-27,IT,357
2021-08-27,SE,158
2021-08-28,AT,23
2021-08-28,CH,24
2021-08-28,DE,148
2021-08-28,FR,131
2021-08-28,IT,229
2021-08-28,SE,75
2021-08-29,AT,23
2021-08-29,CH,24
2021-08-29,DE,178
2021-08-29,FR,104
2021-08-29,IT,185
2021-08-29,SE,71
2021-08-30,AT,30
2021-08-30,CH,42
2021-08-30,DE,385
2021-08-30,FR,299
2021-08-30,IT,408
2021-08-30,SE,187
2021-08-31,AT,35
2021-08-31,CH,50
2021-08-31,DE,379
2021-08-31,FR,306
2021-08-31,IT,386
2021-08-31,SE,164
2021-09-01,AT,36
2021-09-01,CH,41
2021-09-01,DE,396
2021-09-01,FR,290
2021-09-01,IT,428
2021-09-01,SE,197
2021-09-02,AT,36
2021-09-02,CH,51
2021-09-02,DE,362
2021-09-02,FR,305
2021-09-02,IT,412
2021-09-02,SE,183
2021-09-03,AT,32
2021-09-03,CH,32
2021-09-03,DE,331
2021-09-03,FR,291
2021-09-03,IT,388
2021-09-03,SE,143
2021-09-04,AT,13
2021-09-04,CH,19
2021-09-04,DE,152
2021-09-04,FR,134
2021-09-04,IT,241
2021-09-04,SE,75
2021-09-05,AT,15
2021-09-05,CH,25
2021-09-05,DE,183
2021-09-05,FR,139
2021-09-05,IT,209
2021-09-05,SE,82
2021-09-06,AT,45
2021-09-06,CH,40
2021-09-06,DE,404
2021-09-06,FR,362
2021-09-06,IT,476
2021-09-06,SE,193
2021-09-07,AT,42
2021-09-07,CH,47
2021-09-07,DE,419
2021-09-07,FR,368
2021-09-07,IT,454
2021-09-07,SE,186
2021-09-08,AT,42
2021-09-08,CH,42
2021-09-08,DE,374
2021-09-08,FR,339
2021-09-08,IT,480
2021-09-08,SE,191
2021-09-09,AT,33
2021-09-09,CH,46
2021-09-09,DE,372
2021-09-09,FR,353
2021-09-09,IT,442
2021-09-09,SE,193
2021-09-10,AT,45
2021-09-10,CH,40
2021-09-10,DE,391
2021-09-10,FR,328
2021-09-10,IT,472
2021-09-10,SE,167
2021-09-11,AT,20
2021-09-11,CH,21
2021-09-11,DE,201
2021-09-11,FR,153
2021-09-11,IT,247
2021-09-11,SE,69
2021-09-12,AT,18
2021-09-12,CH,28
2021-09-12,DE,209
2021-09-12,FR,142
2021-09-12,IT,232
2021-09-12,SE,87
2021-09-13,AT,45
2021-09-13,CH,40
2021-09-13,DE,409
2021-09-13,FR,359
2021-09-13,IT,453
2021-09-13,SE,212
2021-09-14,AT,40
2021-09-14,CH,48
2021-09-14,DE,405
2021-09-14,FR,410
2021-09-14,IT,532
2021-09-14,SE,209
2021-09-15,AT,29
2021-09-15,CH,50
2021-09-15,DE,435
2021-09-15,FR,373
2021-09-15,IT,468
2021-09-15,SE,199
2021-09-16,AT,43
2021-09-16,CH,51
2021-09-16,DE,438
2021-09-16,FR,293
2021-09-16,IT,451
2021-09-16,SE,160
2021-09-17,AT,31
2021-09-17,CH,36
2021-09-17,DE,379
2021-09-17,FR,275
2021-09-17,IT,426
2021-09-17,SE,150
2021-09-18,AT,25
2021-09-18,CH,22
2021-09-18,DE,232
2021-09-18,FR,117
2021-09-18,IT,237
2021-09-18,SE,46
2021-09-19,AT,14
2021-09-19,CH,30
2021-09-19,DE,186
2021-09-19,FR,125
2021-09-19,IT,212
2021-09-19,SE,66
2021-09-20,AT,44
2021-09-20,CH,46
2021-09-20,DE,395
2021-09-20,FR,335
2021-09-20,IT,471
2021-09-20,SE,179
2021-09-21,AT,40
2021-09-21,CH,48
2021-09-21,DE,421
2021-09-21,FR,327
2021-09-21,IT,450
2021-09-21,SE,190
2021-09-22,AT,40
2021-09-22,CH,50
2021-09-22,DE,399
2021-09-22,FR,315
2021-09-22,IT,475
2021-09-22,SE,183
2021-09-23,AT,32
2021-09-23,CH,45
2021-09-23,DE,381
2021-09-23,FR,299
2021-09-23,IT,463
2021-09-23,SE,180
2021-09-24,AT,28
2021-09-24,CH,34
2021-09-24,DE,320
2021-09-24,FR,325
2021-09-24,IT,457
2021-09-24,SE,160
2021-09-25,AT,22
2021-09-25,CH,17
2021-09-25,DE,188
2021-09-25,FR,126
2021-09-25,IT,247
2021-09-25,SE,62
2021-09-26,AT,12
2021-09-26,CH,23
2021-09-26,DE,150
2021-09-26,FR,139
2021-09-26,IT,232
2021-09-26,SE,61
2021-09-27,AT,25
2021-09-27,CH,38
2021-09-27,DE,380
2021-09-27,FR,295
2021-09-27,IT,488
2021-09-27,SE,177
2021-09-28,AT,30
2021-09-28,CH,55
2021-09-28,DE,395
2021-09-28,FR,306
2021-09-28,IT,485
2021-09-28,SE,185
2021-09-29,AT,29
2021-09-29,CH,39
2021-09-29,DE,419
2021-09-29,FR,295
2021-09-29,IT,440
2021-09-29,SE,147
2021-09-30,AT,33
2021-09-30,CH,40
2021-09-30,DE,376
2021-09-30,FR,319
2021-09-30,IT,445
2021-09-30,SE,181
2021-10-01,AT,33
2021-10-01,CH,29
2021-10-01,DE,340
2021-10-01,FR,272
2021-10-01,IT,393
2021-10-01,SE,150
2021-10-02,AT,6
2021-10-02,CH,17
2021-10-02,DE,159
2021-10-02,FR,124
2021-10-02,IT,221
2021-10-02,SE,65
2021-10-03,AT,19
2021-10-03,CH,13
2021-10-03,DE,192
2021-10-03,FR,133
2021-10-03,IT,252
2021-10-03,SE,85
2021-10-04,AT,38
2021-10-04,CH,46
2021-10-04,DE,460
2021-10-04,FR,316
2021-10-04,IT,460
2021-10-04,SE,175
2021-10-05,AT,33
2021-10-05,CH,40
2021-10-05,DE,396
2021-10-05,FR,335
2021-10-05,IT,450
2021-10-05,SE,200
2021-10-06,AT,51
2021-10-06,CH,49
2021-10-06,DE,446
2021-10-06,FR,319
2021-10-06,IT,495
2021-10-06,SE,194
2021-10-07,AT,42
2021-10-07,CH,50
2021-10-07,DE,403
2021-10-07,FR,300
2021-10-07,IT,591
2021-10-07,SE,160
2021-10-08,AT,39
2021-10-08,CH,31
2021-10-08,DE,356
2021-10-08,FR,274
2021-10-08,IT,584
2021-10-08,SE,169
2021-10-09,AT,17
2021-10-09,CH,22
2021-10-09,DE,172
2021-10-09,FR,102
2021-10-09,IT,324
2021-10-09,SE,60
2021-10-10,AT,18
2021-10-10,CH,31
2021-10-10,DE,183
2021-10-10,FR,134
2021-10-10,IT,309
2021-10-10,SE,75
2021-10-11,AT,40
2021-10-11,CH,53
2021-10-11,DE,442
2021-10-11,FR,332
2021-10-11,IT,554
2021-10-11,SE,199
2021-10-12,AT,52
2021-10-12,CH,47
2021-10-12,DE,451
2021-10-12,FR,339
2021-10-12,IT,600
2021-10-12,SE,184
2021-10-13,AT,31
2021-10-13,CH,41
2021-10-13,DE,455
2021-10-13,FR,323
2021-10-13,IT,617
2021-10-13,SE,191
2021-10-14,AT,50
2021-10-14,CH,51
2021-10-14,DE,502
2021-10-14,FR,400
2021-10-14,IT,677
2021-10-14,SE,241
2021-10-15,AT,33
2021-10-15,CH,39
2021-10-15,DE,360
2021-10-15,FR,289
2021-10-15,IT,516
2021-10-15,SE,189
2021-10-16,AT,21
2021-10-16,CH,12
2021-10-16,DE,201
2021-10-16,FR,118
2021-10-16,IT,261
2021-10-16,SE,71
2021-10-17,AT,27
2021-10-17,CH,23
2021-10-17,DE,208
2021-10-17,FR,124
2021-10-17,IT,229
2021-10-17,SE,67
2021-10-18,AT,45
2021-10-18,CH,47
2021-10-18,DE,426
2021-10-18,FR,344
2021-10-18,IT,489
2021-10-18,SE,174
2021-10-19,AT,37
2021-10-19,CH,32
2021-10-19,DE,421
2021-10-19,FR,356
2021-10-19,IT,536
2021-10-19,SE,202
2021-10-20,AT,45
2021-10-20,CH,48
2021-10-20,DE,443
2021-10-20,FR,371
2021-10-20,IT,549
2021-10-20,SE,189
2021-10-21,AT,54
2021-10-21,CH,48
2021-10-21,DE,447
2021-10-21,FR,366
2021-10-21,IT,572
2021-10-21,SE,184
2021-10-22,AT,48
2021-10-22,CH,51
2021-10-22,DE,398
2021-10-22,FR,299
2021-10-22,IT,628
2021-10-22,SE,195
2021-10-23,AT,29
2021-10-23,CH,17
2021-10-23,DE,208
2021-10-23,FR,161
2021-10-23,IT,352
2021-10-23,SE,74
2021-10-24,AT,17
2021-10-24,CH,27
2021-10-24,DE,214
2021-10-24,FR,126
2021-10-24,IT,316
2021-10-24,SE,73
2021-10-25,AT,41
2021-10-25,CH,43
2021-10-25,DE,471
2021-10-25,FR,340
2021-10-25,IT,602
2021-10-25,SE,208
2021-10-26,AT,33
2021-10-26,CH,60
2021-10-26,DE,441
2021-10-26,FR,367
2021-10-26,IT,585
2021-10-26,SE,215
2021-10-27,AT,36
2021-10-27,CH,34
2021-10-27,DE,454
2021-10-27,FR,333
2021-10-27,IT,583
2021-10-27,SE,192
2021-10-28,AT,33
2021-10-28,CH,41
2021-10-28,DE,379
2021-10-28,FR,357
2021-10-28,IT,388
2021-10-28,SE,190
2021-10-29,AT,29
2021-10-29,CH,43
2021-10-29,DE,377
2021-10-29,FR,288
2021-10-29,IT,417
2021-10-29,SE,172
2021-10-30,AT,20
2021-10-30,CH,30
2021-10-30,DE,188
2021-10-30,FR,140
2021-10-30,IT,233
2021-10-30,SE,65
2021-10-31,AT,18
2021-10-31,CH,29
2021-10-31,DE,187
2021-10-31,FR,141
2021-10-31,IT,224
2021-10-31,SE,67
2021-11-01,AT,29
2021-11-01,CH,42
2021-11-01,DE,378
2021-11-01,FR,189
2021-11-01,IT,326
2021-11-01,SE,189
2021-11-02,AT,42
2021-11-02,CH,45
2021-11-02,DE,465
2021-11-02,FR,393
2021-11-02,IT,482
2021-11-02,SE,204
2021-11-03,AT,44
2021-11-03,CH,51
2021-11-03,DE,504
2021-11-03,FR,438
2021-11-03,IT,639
2021-11-03,SE,223
2021-11-04,AT,48
2021-11-04,CH,47
2021-11-04,DE,481
2021-11-04,FR,418
2021-11-04,IT,498
2021-11-04,SE,190
2021-11-05,AT,50
2021-11-05,CH,49
2021-11-05,DE,407
2021-11-05,FR,340
2021-11-05,IT,452
2021-11-05,SE,173
2021-11-06,AT,23
2021-11-06,CH,27
2021-11-06,DE,207
2021-11-06,FR,164
2021-11-06,IT,288
2021-11-06,SE,77
2021-11-07,AT,25
2021-11-07,CH,18
2021-11-07,DE,230
2021-11-07,FR,144
2021-11-07,IT,242
2021-11-07,SE,61
2021-11-08,AT,42
2021-11-08,CH,50
2021-11-08,DE,458
2021-11-08,FR,355
2021-11-08,IT,517
2021-11-08,SE,209
2021-11-09,AT,48
2021-11-09,CH,58
2021-11-09,DE,457
2021-11-09,FR,332
2021-11-09,IT,477
2021-11-09,SE,187
2021-11-10,AT,47
2021-11-10,CH,42
2021-11-10,DE,444
2021-11-10,FR,338
2021-11-10,IT,432
2021-11-10,SE,204
2021-11-11,AT,40
2021-11-11,CH,41
2021-11-11,DE,452
2021-11-11,FR,178
2021-11-11,IT,463
2021-11-11,SE,195
2021-11-12,AT,39
2021-11-12,CH,43
2021-11-12,DE,354
2021-11-12,FR,293
2021-11-12,IT,464
2021-11-12,SE,171
2021-11-13,AT,22
2021-11-13,CH,19
2021-11-13,DE,207
2021-11-13,FR,147
2021-11-13,IT,263
2021-11-13,SE,81
2021-11-14,AT,21
2021-11-14,CH,23
2021-11-14,DE,245
2021-11-14,FR,156
2021-11-14,IT,236
2021-11-14,SE,89
2021-11-15,AT,41
2021-11-15,CH,55
2021-11-15,DE,432
2021-11-15,FR,352
2021-11-15,IT,478
2021-11-15,SE,205
2021-11-16,AT,38
2021-11-16,CH,48
2021-11-16,DE,462
2021-11-16,FR,364
2021-11-16,IT,476
2021-11-16,SE,209
2021-11-17,AT,50
2021-11-17,CH,51
2021-11-17,DE,443
2021-11-17,FR,404
2021-11-17,IT,469
2021-11-17,SE,203
2021-11-18,AT,51
2021-11-18,CH,47
2021-11-18,DE,435
2021-11-18,FR,403
2021-11-18,IT,445
2021-11-18,SE,196
2021-11-19,AT,34
2021-11-19,CH,44
2021-11-19,DE,412
2021-11-19,FR,330
2021-11-19,IT,468
2021-11-19,SE,186
2021-11-20,AT,22
2021-11-20,CH,27
2021-11-20,DE,163
2021-11-20,FR,156
2021-11-20,IT,237
2021-11-20,SE,83
2021-11-21,AT,17
2021-11-21,CH,13
2021-11-21,DE,251
2021-11-21,FR,175
2021-11-21,IT,242
2021-11-21,SE,88
2021-11-22,AT,45
2021-11-22,CH,41
2021-11-22,DE,441
2021-11-22,FR,375
2021-11-22,IT,478
2021-11-22,SE,214
2021-11-23,AT,44
2021-11-23,CH,50
2021-11-23,DE,440
2021-11-23,FR,375
2021-11-23,IT,458
2021-11-23,SE,197
2021-11-24,AT,35
2021-11-24,CH,45
2021-11-24,DE,429
2021-11-24,FR,387
2021-11-24,IT,522
2021-11-24,SE,193
2021-11-25,AT,47
2021-11-25,CH,58
2021-11-25,DE,521
2021-11-25,FR,383
2021-11-25,IT,445
2021-11-25,SE,189
2021-11-26,AT,36
2021-11-26,CH,49
2021-11-26,DE,396
2021-11-26,FR,347
2021-11-26,IT,501
2021-11-26,SE,173
2021-11-27,AT,28
2021-11-27,CH,24
2021-11-27,DE,239
2021-11-27,FR,167
2021-11-27,IT,294
2021-11-27,SE,88
2021-11-28,AT,26
2021-11-28,CH,28
2021-11-28,DE,251
2021-11-28,FR,168
2021-11-28,IT,276
2021-11-28,SE,89
2021-11-29,AT,46
2021-11-29,CH,46
2021-11-29,DE,481
2021-11-29,FR,392
2021-11-29,IT,509
2021-11-29,SE,207
2021-11-30,AT,35
2021-11-30,CH,49
2021-11-30,DE,462
2021-11-30,FR,386
2021-11-30,IT,426
2021-11-30,SE,218
2021-12-01,AT,49
2021-12-01,CH,28
2021-12-01,DE,456
2021-12-01,FR,338
2021-12-01,IT,450
2021-12-01,SE,200
2021-12-02,AT,44
2021-12-02,CH,49
2021-12-02,DE,407
2021-12-02,FR,342
2021-12-02,IT,526
2021-12-02,SE,211
2021-12-03,AT,34
2021-12-03,CH,36
2021-12-03,DE,364
2021-12-03,FR,312
2021-12-03,IT,484
2021-12-03,SE,166
2021-12-04,AT,17
2021-12-04,CH,20
2021-12-04,DE,186
2021-12-04,FR,152
2021-12-04,IT,274
2021-12-04,SE,74
2021-12-05,AT,29
2021-12-05,CH,27
2021-12-05,DE,235
2021-12-05,FR,157
2021-12-05,IT,260
2021-12-05,SE,65
2021-12-06,AT,58
2021-12-06,CH,47
2021-12-06,DE,461
2021-12-06,FR,340
2021-12-06,IT,483
2021-12-06,SE,210
2021-12-07,AT,54
2021-12-07,CH,38
2021-12-07,DE,474
2021-12-07,FR,319
2021-12-07,IT,433
2021-12-07,SE,165
2021-12-08,AT,54
2021-12-08,CH,40
2021-12-08,DE,464
2021-12-08,FR,324
2021-12-08,IT,314
2021-12-08,SE,170
2021-12-09,AT,44
2021-12-09,CH,44
2021-12-09,DE,413
2021-12-09,FR,341
2021-12-09,IT,581
2021-12-09,SE,208
2021-12-10,AT,47
2021-12-10,CH,39
2021-12-10,DE,374
2021-12-10,FR,306
2021-12-10,IT,520
2021-12-10,SE,167
2021-12-11,AT,37
2021-12-11,CH,23
2021-12-11,DE,198
2021-12-11,FR,130
2021-12-11,IT,345
2021-12-11,SE,65
2021-12-12,AT,28
2021-12-12,CH,26
2021-12-12,DE,242
2021-12-12,FR,150
2021-12-12,IT,301
2021-12-12,SE,74
2021-12-13,AT,41
2021-12-13,CH,53
2021-12-13,DE,465
2021-12-13,FR,337
2021-12-13,IT,571
2021-12-13,SE,211
2021-12-14,AT,47
2021-12-14,CH,48
2021-12-14,DE,461
2021-12-14,FR,342
2021-12-14,IT,523
2021-12-14,SE,216
2021-12-15,AT,47
2021-12-15,CH,48
2021-12-15,DE,431
2021-12-15,FR,314
2021-12-15,IT,528
2021-12-15,SE,192
2021-12-16,AT,34
2021-12-16,CH,49
2021-12-16,DE,401
2021-12-16,FR,333
2021-12-16,IT,535
2021-12-16,SE,181
2021-12-17,AT,38
2021-12-17,CH,48
2021-12-17,DE,340
2021-12-17,FR,288
2021-12-17,IT,410
2021-12-17,SE,134
2021-12-18,AT,15
2021-12-18,CH,24
2021-12-18,DE,213
2021-12-18,FR,100
2021-12-18,IT,149
2021-12-18,SE,74
2021-12-19,AT,29
2021-12-19,CH,22
2021-12-19,DE,172
2021-12-19,FR,92
2021-12-19,IT,149
2021-12-19,SE,66
2021-12-20,AT,32
2021-12-20,CH,35
2021-12-20,DE,433
2021-12-20,FR,292
2021-12-20,IT,319
2021-12-20,SE,183
2021-12-21,AT,39
2021-12-21,CH,31
2021-12-21,DE,400
2021-12-21,FR,268
2021-12-21,IT,323
2021-12-21,SE,165
2021-12-22,AT,32
2021-12-22,CH,38
2021-12-22,DE,355
2021-12-22,FR,226
2021-12-22,IT,305
2021-12-22,SE,129
2021-12-23,AT,27
2021-12-23,CH,26
2021-12-23,DE,296
2021-12-23,FR,192
2021-12-23,IT,259
2021-12-23,SE,85
2021-12-24,AT,19
2021-12-24,CH,26
2021-12-24,DE,150
2021-12-24,FR,114
2021-12-24,IT,131
2021-12-24,SE,33
2021-12-25,AT,19
2021-12-25,CH,20
2021-12-25,DE,156
2021-12-25,FR,69
2021-12-25,IT,95
2021-12-25,SE,45
2021-12-26,AT,24
2021-12-26,CH,21
2021-12-26,DE,161
2021-12-26,FR,95
2021-12-26,IT,132
2021-12-26,SE,51
2021-12-27,AT,33
2021-12-27,CH,28
2021-12-27,DE,323
2021-12-27,FR,182
2021-12-27,IT,288
2021-12-27,SE,115
2021-12-28,AT,28
2021-12-28,CH,37
2021-12-28,DE,347
2021-12-28,FR,198
2021-12-28,IT,300
2021-12-28,SE,97
2021-12-29,AT,41
2021-12-29,CH,27
2021-12-29,DE,333
2021-12-29,FR,213
2021-12-29,IT,278
2021-12-29,SE,99
2021-12-30,AT,30
2021-12-30,CH,39
2021-12-30,DE,316
2021-12-30,FR,205
2021-12-30,IT,249
2021-12-30,SE,81
2021-12-31,AT,20
2021-12-31,CH,18
2021-12-31,DE,201
2021-12-31,FR,131
2021-12-31,IT,151
2021-12-31,SE,47
2022-01-01,AT,13
2022-01-01,CH,18
2022-01-01,DE,147
2022-01-01,FR,85
2022-01-01,IT,96
2022-01-01,SE,48
2022-01-02,AT,18
2022-01-02,CH,34
2022-01-02,DE,223
2022-01-02,FR,109
2022-01-02,IT,156
2022-01-02,SE,71
2022-01-03,AT,35
2022-01-03,CH,55
2022-01-03,DE,444
2022-01-03,FR,290
2022-01-03,IT,274
2022-01-03,SE,169
2022-01-04,AT,39
2022-01-04,CH,47
2022-01-04,DE,462
2022-01-04,FR,294
2022-01-04,IT,317
2022-01-04,SE,167
2022-01-05,AT,47
2022-01-05,CH,45
2022-01-05,DE,487
2022-01-05,FR,361
2022-01-05,IT,303
2022-01-05,SE,135
2022-01-06,AT,27
2022-01-06,CH,46
2022-01-06,DE,430
2022-01-06,FR,305
2022-01-06,IT,204
2022-01-06,SE,96
2022-01-07,AT,40
2022-01-07,CH,33
2022-01-07,DE,428
2022-01-07,FR,240
2022-01-07,IT,274
2022-01-07,SE,150
2022-01-08,AT,30
2022-01-08,CH,29
2022-01-08,DE,234
2022-01-08,FR,138
2022-01-08,IT,176
2022-01-08,SE,85
2022-01-09,AT,29
2022-01-09,CH,32
2022-01-09,DE,245
2022-01-09,FR,126
2022-01-09,IT,179
2022-01-09,SE,82
2022-01-10,AT,59
2022-01-10,CH,53
2022-01-10,DE,530
2022-01-10,FR,314
2022-01-10,IT,435
2022-01-10,SE,200
2022-01-11,AT,55
2022-01-11,CH,56
2022-01-11,DE,518
2022-01-11,FR,353
2022-01-11,IT,591
2022-01-11,SE,163
2022-01-12,AT,46
2022-01-12,CH,60
2022-01-12,DE,551
2022-01-12,FR,380
2022-01-12,IT,577
2022-01-12,SE,178
2022-01-13,AT,44
2022-01-13,CH,55
2022-01-13,DE,491
2022-01-13,FR,408
2022-01-13,IT,566
2022-01-13,SE,183
2022-01-14,AT,39
2022-01-14,CH,45
2022-01-14,DE,412
2022-01-14,FR,332
2022-01-14,IT,554
2022-01-14,SE,179
2022-01-15,AT,24
2022-01-15,CH,32
2022-01-15,DE,222
2022-01-15,FR,181
2022-01-15,IT,363
2022-01-15,SE,63
2022-01-16,AT,35
2022-01-16,CH,35
2022-01-16,DE,251
2022-01-16,FR,165
2022-01-16,IT,287
2022-01-16,SE,83
2022-01-17,AT,59
2022-01-17,CH,47
2022-01-17,DE,530
2022-01-17,FR,375
2022-01-17,IT,591
2022-01-17,SE,212
2022-01-18,AT,51
2022-01-18,CH,56
2022-01-18,DE,502
2022-01-18,FR,398
2022-01-18,IT,591
2022-01-18,SE,196
2022-01-19,AT,53
2022-01-19,CH,46
2022-01-19,DE,506
2022-01-19,FR,411
2022-01-19,IT,637
2022-01-19,SE,252
2022-01-20,AT,47
2022-01-20,CH,47
2022-01-20,DE,511
2022-01-20,FR,358
2022-01-20,IT,641
2022-01-20,SE,199
2022-01-21,AT,41
2022-01-21,CH,49
2022-01-21,DE,435
2022-01-21,FR,309
2022-01-21,IT,521
2022-01-21,SE,167
2022-01-22,AT,31
2022-01-22,CH,34
2022-01-22,DE,269
2022-01-22,FR,169
2022-01-22,IT,309
2022-01-22,SE,81
2022-01-23,AT,35
2022-01-23,CH,28
2022-01-23,DE,246
2022-01-23,FR,158
2022-01-23,IT,312
2022-01-23,SE,78
2022-01-24,AT,57
2022-01-24,CH,49
2022-01-24,DE,569
2022-01-24,FR,363
2022-01-24,IT,596
2022-01-24,SE,209
2022-01-25,AT,65
2022-01-25,CH,57
2022-01-25,DE,500
2022-01-25,FR,350
2022-01-25,IT,417
2022-01-25,SE,179
2022-01-26,AT,64
2022-01-26,CH,55
2022-01-26,DE,434
2022-01-26,FR,337
2022-01-26,IT,411
2022-01-26,SE,166
2022-01-27,AT,61
2022-01-27,CH,52
2022-01-27,DE,473
2022-01-27,FR,297
2022-01-27,IT,377
2022-01-27,SE,165
2022-01-28,AT,53
2022-01-28,CH,52
2022-01-28,DE,428
2022-01-28,FR,299
2022-01-28,IT,371
2022-01-28,SE,160
2022-01-29,AT,34
2022-01-29,CH,26
2022-01-29,DE,254
2022-01-29,FR,137
2022-01-29,IT,195
2022-01-29,SE,59
2022-01-30,AT,34
2022-01-30,CH,39
2022-01-30,DE,258
2022-01-30,FR,108
2022-01-30,IT,163
2022-01-30,SE,64
2022-01-31,AT,54
2022-01-31,CH,61
2022-01-31,DE,466
2022-01-31,FR,315
2022-01-31,IT,359
2022-01-31,SE,180
2022-02-01,AT,53
2022-02-01,CH,41
2022-02-01,DE,531
2022-02-01,FR,359
2022-02-01,IT,461
2022-02-01,SE,205
2022-02-02,AT,48
2022-02-02,CH,61
2022-02-02,DE,505
2022-02-02,FR,380
2022-02-02,IT,550
2022-02-02,SE,217
2022-02-03,AT,52
2022-02-03,CH,50
2022-02-03,DE,512
2022-02-03,FR,381
2022-02-03,IT,535
2022-02-03,SE,241
2022-02-04,AT,56
2022-02-04,CH,48
2022-02-04,DE,504
2022-02-04,FR,334
2022-02-04,IT,558
2022-02-04,SE,195
2022-02-05,AT,31
2022-02-05,CH,31
2022-02-05,DE,237
2022-02-05,FR,183
2022-02-05,IT,348
2022-02-05,SE,84
2022-02-06,AT,20
2022-02-06,CH,36
2022-02-06,DE,275
2022-02-06,FR,179
2022-02-06,IT,296
2022-02-06,SE,70
2022-02-07,AT,61
2022-02-07,CH,64
2022-02-07,DE,531
2022-02-07,FR,439
2022-02-07,IT,546
2022-02-07,SE,218
2022-02-08,AT,80
2022-02-08,CH,48
2022-02-08,DE,552
2022-02-08,FR,425
2022-02-08,IT,594
2022-02-08,SE,217
2022-02-09,AT,68
2022-02-09,CH,54
2022-02-09,DE,554
2022-02-09,FR,379
2022-02-09,IT,543
2022-02-09,SE,184
2022-02-10,AT,42
2022-02-10,CH,51
2022-02-10,DE,492
2022-02-10,FR,316
2022-02-10,IT,450
2022-02-10,SE,206
2022-02-11,AT,47
2022-02-11,CH,53
2022-02-11,DE,430
2022-02-11,FR,271
2022-02-11,IT,500
2022-02-11,SE,173
2022-02-12,AT,29
2022-02-12,CH,22
2022-02-12,DE,253
2022-02-12,FR,124
2022-02-12,IT,361
2022-02-12,SE,72
2022-02-13,AT,20
2022-02-13,CH,23
2022-02-13,DE,251
2022-02-13,FR,138
2022-02-13,IT,306
2022-02-13,SE,94
2022-02-14,AT,36
2022-02-14,CH,55
2022-02-14,DE,461
2022-02-14,FR,335
2022-02-14,IT,568
2022-02-14,SE,202
2022-02-15,AT,50
2022-02-15,CH,54
2022-02-15,DE,541
2022-02-15,FR,311
2022-02-15,IT,624
2022-02-15,SE,208
2022-02-16,AT,56
2022-02-16,CH,48
2022-02-16,DE,520
2022-02-16,FR,313
2022-02-16,IT,615
2022-02-16,SE,211
2022-02-17,AT,53
2022-02-17,CH,63
2022-02-17,DE,512
2022-02-17,FR,311
2022-02-17,IT,603
2022-02-17,SE,179
2022-02-18,AT,49
2022-02-18,CH,44
2022-02-18,DE,432
2022-02-18,FR,268
2022-02-18,IT,756
2022-02-18,SE,191
2022-02-19,AT,30
2022-02-19,CH,28
2022-02-19,DE,252
2022-02-19,FR,132
2022-02-19,IT,749
2022-02-19,SE,79
2022-02-20,AT,30
2022-02-20,CH,29
2022-02-20,DE,253
2022-02-20,FR,129
2022-02-20,IT,796
2022-02-20,SE,73
2022-02-21,AT,50
2022-02-21,CH,48
2022-02-21,DE,514
2022-02-21,FR,366
2022-02-21,IT,1112
2022-02-21,SE,210
2022-02-22,AT,53
2022-02-22,CH,56
2022-02-22,DE,516
2022-02-22,FR,306
2022-02-22,IT,1049
2022-02-22,SE,216
2022-02-23,AT,50
2022-02-23,CH,42
2022-02-23,DE,492
2022-02-23,FR,276
2022-02-23,IT,1019
2022-02-23,SE,178
2022-02-24,AT,41
2022-02-24,CH,46
2022-02-24,DE,438
2022-02-24,FR,321
2022-02-24,IT,924
2022-02-24,SE,178
2022-02-25,AT,37
2022-02-25,CH,34
2022-02-25,DE,376
2022-02-25,FR,238
2022-02-25,IT,905
2022-02-25,SE,132
2022-02-26,AT,18
2022-02-26,CH,20
2022-02-26,DE,182
2022-02-26,FR,128
2022-02-26,IT,865
2022-02-26,SE,67
2022-02-27,AT,31
2022-02-27,CH,27
2022-02-27,DE,205
2022-02-27,FR,91
2022-02-27,IT,934
2022-02-27,SE,59
2022-02-28,AT,52
2022-02-28,CH,38
2022-02-28,DE,464
2022-02-28,FR,345
2022-02-28,IT,1292
2022-02-28,SE,196
2022-03-01,AT,51
2022-03-01,CH,44
2022-03-01,DE,430
2022-03-01,FR,297
2022-03-01,IT,605
2022-03-01,SE,181
2022-03-02,AT,54
2022-03-02,CH,44
2022-03-02,DE,465
2022-03-02,FR,280
2022-03-02,IT,566
2022-03-02,SE,170
2022-03-03,AT,59
2022-03-03,CH,41
2022-03-03,DE,452
2022-03-03,FR,283
2022-03-03,IT,539
2022-03-03,SE,136
2022-03-04,AT,31
2022-03-04,CH,32
2022-03-04,DE,382
2022-03-04,FR,244
2022-03-04,IT,517
2022-03-04,SE,137
2022-03-05,AT,30
2022-03-05,CH,18
2022-03-05,DE,193
2022-03-05,FR,108
2022-03-05,IT,304
2022-03-05,SE,48
2022-03-06,AT,20
2022-03-06,CH,24
2022-03-06,DE,230
2022-03-06,FR,124
2022-03-06,IT,299
2022-03-06,SE,65
2022-03-07,AT,54
2022-03-07,CH,46
2022-03-07,DE,469
2022-03-07,FR,294
2022-03-07,IT,570
2022-03-07,SE,166
2022-03-08,AT,36
2022-03-08,CH,39
2022-03-08,DE,410
2022-03-08,FR,314
2022-03-08,IT,535
2022-03-08,SE,181
2022-03-09,AT,27
2022-03-09,CH,35
2022-03-09,DE,441
2022-03-09,FR,304
2022-03-09,IT,578
2022-03-09,SE,184
2022-03-10,AT,32
2022-03-10,CH,53
2022-03-10,DE,431
2022-03-10,FR,295
2022-03-10,IT,551
2022-03-10,SE,201
2022-03-11,AT,34
2022-03-11,CH,32
2022-03-11,DE,371
2022-03-11,FR,294
2022-03-11,IT,499
2022-03-11,SE,173
2022-03-12,AT,31
2022-03-12,CH,29
2022-03-12,DE,231
2022-03-12,FR,120
2022-03-12,IT,288
2022-03-12,SE,67
2022-03-13,AT,26
2022-03-13,CH,25
2022-03-13,DE,222
2022-03-13,FR,124
2022-03-13,IT,251
2022-03-13,SE,88
2022-03-14,AT,35
2022-03-14,CH,57
2022-03-14,DE,492
2022-03-14,FR,328
2022-03-14,IT,504
2022-03-14,SE,223
2022-03-15,AT,53
2022-03-15,CH,54
2022-03-15,DE,486
2022-03-15,FR,355
2022-03-15,IT,596
2022-03-15,SE,214
2022-03-16,AT,55
2022-03-16,CH,56
2022-03-16,DE,486
2022-03-16,FR,322
2022-03-16,IT,534
2022-03-16,SE,221
2022-03-17,AT,46
2022-03-17,CH,69
2022-03-17,DE,456
2022-03-17,FR,282
2022-03-17,IT,523
2022-03-17,SE,202
2022-03-18,AT,33
2022-03-18,CH,43
2022-03-18,DE,415
2022-03-18,FR,295
2022-03-18,IT,467
2022-03-18,SE,180
2022-03-19,AT,27
2022-03-19,CH,21
2022-03-19,DE,208
2022-03-19,FR,135
2022-03-19,IT,279
2022-03-19,SE,78
2022-03-20,AT,35
2022-03-20,CH,26
2022-03-20,DE,223
2022-03-20,FR,124
2022-03-20,IT,238
2022-03-20,SE,71
2022-03-21,AT,49
2022-03-21,CH,41
2022-03-21,DE,478
2022-03-21,FR,357
2022-03-21,IT,538
2022-03-21,SE,226
2022-03-22,AT,44
2022-03-22,CH,58
2022-03-22,DE,516
2022-03-22,FR,343
2022-03-22,IT,487
2022-03-22,SE,209
2022-03-23,AT,50
2022-03-23,CH,62
2022-03-23,DE,456
2022-03-23,FR,322
2022-03-23,IT,429
2022-03-23,SE,198
2022-03-24,AT,50
2022-03-24,CH,41
2022-03-24,DE,437
2022-03-24,FR,308
2022-03-24,IT,402
2022-03-24,SE,200
2022-03-25,AT,41
2022-03-25,CH,37
2022-03-25,DE,383
2022-03-25,FR,272
2022-03-25,IT,465
2022-03-25,SE,176
2022-03-26,AT,21
2022-03-26,CH,27
2022-03-26,DE,195
2022-03-26,FR,122
2022-03-26,IT,310
2022-03-26,SE,62
2022-03-27,AT,25
2022-03-27,CH,13
2022-03-27,DE,217
2022-03-27,FR,122
2022-03-27,IT,216
2022-03-27,SE,93
2022-03-28,AT,46
2022-03-28,CH,50
2022-03-28,DE,507
2022-03-28,FR,351
2022-03-28,IT,532
2022-03-28,SE,230
2022-03-29,AT,67
2022-03-29,CH,51
2022-03-29,DE,488
2022-03-29,FR,354
2022-03-29,IT,532
2022-03-29,SE,219
2022-03-30,AT,49
2022-03-30,CH,52
2022-03-30,DE,449
2022-03-30,FR,321
2022-03-30,IT,580
2022-03-30,SE,226
2022-03-31,AT,51
2022-03-31,CH,49
2022-03-31,DE,474
2022-03-31,FR,332
2022-03-31,IT,583
2022-03-31,SE,223
2022-04-01,AT,49
2022-04-01,CH,49
2022-04-01,DE,405
2022-04-01,FR,286
2022-04-01,IT,587
2022-04-01,SE,178
2022-04-02,AT,41
2022-04-02,CH,27
2022-04-02,DE,252
2022-04-02,FR,145
2022-04-02,IT,317
2022-04-02,SE,76
2022-04-03,AT,37
2022-04-03,CH,39
2022-04-03,DE,258
2022-04-03,FR,129
2022-04-03,IT,286
2022-04-03,SE,80
2022-04-04,AT,60
2022-04-04,CH,57
2022-04-04,DE,552
2022-04-04,FR,414
2022-04-04,IT,552
2022-04-04,SE,305
2022-04-05,AT,64
2022-04-05,CH,59
2022-04-05,DE,549
2022-04-05,FR,405
2022-04-05,IT,633
2022-04-05,SE,237
2022-04-06,AT,56
2022-04-06,CH,48
2022-04-06,DE,508
2022-04-06,FR,371
2022-04-06,IT,595
2022-04-06,SE,215
2022-04-07,AT,47
2022-04-07,CH,51
2022-04-07,DE,513
2022-04-07,FR,389
2022-04-07,IT,549
2022-04-07,SE,236
2022-04-08,AT,55
2022-04-08,CH,44
2022-04-08,DE,432
2022-04-08,FR,355
2022-04-08,IT,539
2022-04-08,SE,175
2022-04-09,AT,29
2022-04-09,CH,28
2022-04-09,DE,261
2022-04-09,FR,135
2022-04-09,IT,349
2022-04-09,SE,93
2022-04-10,AT,37
2022-04-10,CH,24
2022-04-10,DE,235
2022-04-10,FR,128
2022-04-10,IT,293
2022-04-10,SE,92
2022-04-11,AT,38
2022-04-11,CH,60
2022-04-11,DE,492
2022-04-11,FR,370
2022-04-11,IT,540
2022-04-11,SE,226
2022-04-12,AT,60
2022-04-12,CH,48
2022-04-12,DE,465
2022-04-12,FR,392
2022-04-12,IT,634
2022-04-12,SE,186
2022-04-13,AT,38
2022-04-13,CH,47
2022-04-13,DE,495
2022-04-13,FR,335
2022-04-13,IT,640
2022-04-13,SE,193
2022-04-14,AT,43
2022-04-14,CH,40
2022-04-14,DE,427
2022-04-14,FR,352
2022-04-14,IT,586
2022-04-14,SE,168
2022-04-15,AT,46
2022-04-15,CH,25
2022-04-15,DE,266
2022-04-15,FR,258
2022-04-15,IT,478
2022-04-15,SE,80
2022-04-16,AT,32
2022-04-16,CH,19
2022-04-16,DE,219
2022-04-16,FR,127
2022-04-16,IT,289
2022-04-16,SE,70
2022-04-17,AT,26
2022-04-17,CH,18
2022-04-17,DE,174
2022-04-17,FR,130
2022-04-17,IT,242
2022-04-17,SE,76
2022-04-18,AT,47
2022-04-18,CH,24
2022-04-18,DE,237
2022-04-18,FR,162
2022-04-18,IT,227
2022-04-18,SE,109
2022-04-19,AT,50
2022-04-19,CH,41
2022-04-19,DE,475
2022-04-19,FR,341
2022-04-19,IT,556
2022-04-19,SE,226
2022-04-20,AT,61
2022-04-20,CH,48
2022-04-20,DE,482
2022-04-20,FR,378
2022-04-20,IT,597
2022-04-20,SE,218
2022-04-21,AT,43
2022-04-21,CH,35
2022-04-21,DE,477
2022-04-21,FR,343
2022-04-21,IT,680
2022-04-21,SE,173
2022-04-22,AT,57
2022-04-22,CH,37
2022-04-22,DE,490
2022-04-22,FR,292
2022-04-22,IT,580
2022-04-22,SE,177
2022-04-23,AT,32
2022-04-23,CH,25
2022-04-23,DE,192
2022-04-23,FR,152
2022-04-23,IT,287
2022-04-23,SE,69
2022-04-24,AT,30
2022-04-24,CH,34
2022-04-24,DE,217
2022-04-24,FR,138
2022-04-24,IT,307
2022-04-24,SE,88
2022-04-25,AT,60
2022-04-25,CH,51
2022-04-25,DE,559
2022-04-25,FR,340
2022-04-25,IT,333
2022-04-25,SE,210
2022-04-26,AT,47
2022-04-26,CH,57
2022-04-26,DE,519
2022-04-26,FR,356
2022-04-26,IT,547
2022-04-26,SE,233
2022-04-27,AT,45
2022-04-27,CH,56
2022-04-27,DE,488
2022-04-27,FR,308
2022-04-27,IT,513
2022-04-27,SE,183
2022-04-28,AT,46
2022-04-28,CH,55
2022-04-28,DE,476
2022-04-28,FR,342
2022-04-28,IT,552
2022-04-28,SE,198
2022-04-29,AT,38
2022-04-29,CH,42
2022-04-29,DE,438
2022-04-29,FR,278
2022-04-29,IT,537
2022-04-29,SE,182
2022-04-30,AT,21
2022-04-30,CH,26
2022-04-30,DE,204
2022-04-30,FR,142
2022-04-30,IT,304
2022-04-30,SE,72
2022-05-01,AT,29
2022-05-01,CH,23
2022-05-01,DE,209
2022-05-01,FR,125
2022-05-01,IT,323
2022-05-01,SE,58
2022-05-02,AT,47
2022-05-02,CH,57
2022-05-02,DE,500
2022-05-02,FR,340
2022-05-02,IT,602
2022-05-02,SE,190
2022-05-03,AT,43
2022-05-03,CH,46
2022-05-03,DE,490
2022-05-03,FR,369
2022-05-03,IT,576
2022-05-03,SE,207
2022-05-04,AT,49
2022-05-04,CH,53
2022-05-04,DE,509
2022-05-04,FR,415
2022-05-04,IT,604
2022-05-04,SE,215
2022-05-05,AT,47
2022-05-05,CH,51
2022-05-05,DE,477
2022-05-05,FR,391
2022-05-05,IT,580
2022-05-05,SE,192
2022-05-06,AT,33
2022-05-06,CH,38
2022-05-06,DE,398
2022-05-06,FR,326
2022-05-06,IT,625
2022-05-06,SE,179
2022-05-07,AT,20
2022-05-07,CH,11
2022-05-07,DE,167
2022-05-07,FR,170
2022-05-07,IT,369
2022-05-07,SE,77
2022-05-08,AT,22
2022-05-08,CH,19
2022-05-08,DE,191
2022-05-08,FR,151
2022-05-08,IT,327
2022-05-08,SE,75
2022-05-09,AT,41
2022-05-09,CH,46
2022-05-09,DE,502
2022-05-09,FR,410
2022-05-09,IT,662
2022-05-09,SE,230
2022-05-10,AT,52
2022-05-10,CH,52
2022-05-10,DE,445
2022-05-10,FR,404
2022-05-10,IT,584
2022-05-10,SE,204
2022-05-11,AT,43
2022-05-11,CH,40
2022-05-11,DE,490
2022-05-11,FR,382
2022-05-11,IT,591
2022-05-11,SE,215
2022-05-12,AT,33
2022-05-12,CH,46
2022-05-12,DE,456
2022-05-12,FR,379
2022-05-12,IT,500
2022-05-12,SE,163
2022-05-13,AT,33
2022-05-13,CH,50
2022-05-13,DE,413
2022-05-13,FR,330
2022-05-13,IT,511
2022-05-13,SE,159
2022-05-14,AT,8
2022-05-14,CH,26
2022-05-14,DE,204
2022-05-14,FR,148
2022-05-14,IT,383
2022-05-14,SE,68
2022-05-15,AT,17
2022-05-15,CH,22
2022-05-15,DE,174
2022-05-15,FR,128
2022-05-15,IT,418
2022-05-15,SE,73
2022-05-16,AT,36
2022-05-16,CH,59
2022-05-16,DE,503
2022-05-16,FR,384
2022-05-16,IT,688
2022-05-16,SE,227
2022-05-17,AT,47
2022-05-17,CH,49
2022-05-17,DE,469
2022-05-17,FR,397
2022-05-17,IT,824
2022-05-17,SE,179
2022-05-18,AT,39
2022-05-18,CH,63
2022-05-18,DE,477
2022-05-18,FR,376
2022-05-18,IT,801
2022-05-18,SE,167
2022-05-19,AT,38
2022-05-19,CH,58
2022-05-19,DE,426
2022-05-19,FR,405
2022-05-19,IT,921
2022-05-19,SE,186
2022-05-20,AT,30
2022-05-20,CH,44
2022-05-20,DE,369
2022-05-20,FR,325
2022-05-20,IT,828
2022-05-20,SE,145
2022-05-21,AT,24
2022-05-21,CH,23
2022-05-21,DE,192
2022-05-21,FR,149
2022-05-21,IT,678
2022-05-21,SE,54
2022-05-22,AT,26
2022-05-22,CH,22
2022-05-22,DE,195
2022-05-22,FR,186
2022-05-22,IT,647
2022-05-22,SE,60
2022-05-23,AT,49
2022-05-23,CH,42
2022-05-23,DE,475
2022-05-23,FR,396
2022-05-23,IT,850
2022-05-23,SE,147
2022-05-24,AT,42
2022-05-24,CH,56
2022-05-24,DE,502
2022-05-24,FR,365
2022-05-24,IT,821
2022-05-24,SE,162
2022-05-25,AT,40
2022-05-25,CH,57
2022-05-25,DE,389
2022-05-25,FR,326
2022-05-25,IT,870
2022-05-25,SE,148
2022-05-26,AT,24
2022-05-26,CH,46
2022-05-26,DE,243
2022-05-26,FR,193
2022-05-26,IT,747
2022-05-26,SE,70
2022-05-27,AT,26
2022-05-27,CH,43
2022-05-27,DE,363
2022-05-27,FR,261
2022-05-27,IT,678
2022-05-27,SE,115
2022-05-28,AT,18
2022-05-28,CH,19
2022-05-28,DE,199
2022-05-28,FR,139
2022-05-28,IT,562
2022-05-28,SE,56
2022-05-29,AT,27
2022-05-29,CH,27
2022-05-29,DE,214
2022-05-29,FR,151
2022-05-29,IT,727
2022-05-29,SE,59
2022-05-30,AT,47
2022-05-30,CH,62
2022-05-30,DE,474
2022-05-30,FR,430
2022-05-30,IT,592
2022-05-30,SE,169
2022-05-31,AT,53
2022-05-31,CH,54
2022-05-31,DE,525
2022-05-31,FR,405
2022-05-31,IT,479
2022-05-31,SE,163
2022-06-01,AT,43
2022-06-01,CH,51
2022-06-01,DE,436
2022-06-01,FR,331
2022-06-01,IT,467
2022-06-01,SE,166
2022-06-02,AT,45
2022-06-02,CH,62
2022-06-02,DE,411
2022-06-02,FR,333
2022-06-02,IT,282
2022-06-02,SE,138
2022-06-03,AT,41
2022-06-03,CH,42
2022-06-03,DE,337
2022-06-03,FR,305
2022-06-03,IT,380
2022-06-03,SE,117
2022-06-04,AT,21
2022-06-04,CH,25
2022-06-04,DE,199
2022-06-04,FR,152
2022-06-04,IT,275
2022-06-04,SE,50
2022-06-05,AT,18
2022-06-05,CH,32
2022-06-05,DE,193
2022-06-05,FR,140
2022-06-05,IT,284
2022-06-05,SE,50
2022-06-06,AT,15
2022-06-06,CH,34
2022-06-06,DE,268
2022-06-06,FR,233
2022-06-06,IT,420
2022-06-06,SE,77
2022-06-07,AT,38
2022-06-07,CH,65
2022-06-07,DE,466
2022-06-07,FR,380
2022-06-07,IT,477
2022-06-07,SE,156
2022-06-08,AT,56
2022-06-08,CH,65
2022-06-08,DE,455
2022-06-08,FR,330
2022-06-08,IT,584
2022-06-08,SE,201
2022-06-09,AT,39
2022-06-09,CH,60
2022-06-09,DE,473
2022-06-09,FR,342
2022-06-09,IT,534
2022-06-09,SE,153
2022-06-10,AT,33
2022-06-10,CH,53
2022-06-10,DE,383
2022-06-10,FR,309
2022-06-10,IT,488
2022-06-10,SE,137
2022-06-11,AT,14
2022-06-11,CH,20
2022-06-11,DE,166
2022-06-11,FR,136
2022-06-11,IT,265
2022-06-11,SE,48
2022-06-12,AT,20
2022-06-12,CH,23
2022-06-12,DE,174
2022-06-12,FR,133
2022-06-12,IT,259
2022-06-12,SE,68
2022-06-13,AT,36
2022-06-13,CH,58
2022-06-13,DE,430
2022-06-13,FR,385
2022-06-13,IT,510
2022-06-13,SE,173
2022-06-14,AT,31
2022-06-14,CH,50
2022-06-14,DE,415
2022-06-14,FR,337
2022-06-14,IT,559
2022-06-14,SE,178
2022-06-15,AT,31
2022-06-15,CH,50
2022-06-15,DE,379
2022-06-15,FR,340
2022-06-15,IT,539
2022-06-15,SE,160
2022-06-16,AT,1
2022-06-16,CH,16
2022-06-16,DE,51
2022-06-16,FR,26
2022-06-16,IT,68
2022-06-16,SE,20
2022-06-17,AT,3
2022-06-17,CH,7
2022-06-17,DE,52
2022-06-17,FR,38
2022-06-17,IT,53
2022-06-17,SE,16
2022-06-18,AT,3
2022-06-18,CH,2
2022-06-18,DE,27
2022-06-18,FR,25
2022-06-18,IT,21
2022-06-18,SE,6
2022-06-19,AT,7
2022-06-19,CH,7
2022-06-19,DE,41
2022-06-19,FR,20
2022-06-19,IT,26
2022-06-19,SE,12
2022-06-20,AT,6
2022-06-20,CH,8
2022-06-20,DE,70
2022-06-20,FR,51
2022-06-20,IT,69
2022-06-20,SE,18
2022-06-21,AT,31
2022-06-21,CH,60
2022-06-21,DE,476
2022-06-21,FR,338
2022-06-21,IT,483
2022-06-21,SE,171
2022-06-22,AT,29
2022-06-22,CH,51
2022-06-22,DE,416
2022-06-22,FR,342
2022-06-22,IT,397
2022-06-22,SE,146
2022-06-23,AT,38
2022-06-23,CH,59
2022-06-23,DE,415
2022-06-23,FR,319
2022-06-23,IT,410
2022-06-23,SE,111
2022-06-24,AT,29
2022-06-24,CH,48
2022-06-24,DE,309
2022-06-24,FR,276
2022-06-24,IT,392
2022-06-24,SE,48
2022-06-25,AT,14
2022-06-25,CH,29
2022-06-25,DE,152
2022-06-25,FR,149
2022-06-25,IT,189
2022-06-25,SE,37
2022-06-26,AT,17
2022-06-26,CH,22
2022-06-26,DE,173
2022-06-26,FR,116
2022-06-26,IT,184
2022-06-26,SE,59
2022-06-27,AT,29
2022-06-27,CH,78
2022-06-27,DE,410
2022-06-27,FR,351
2022-06-27,IT,382
2022-06-27,SE,137
2022-06-28,AT,27
2022-06-28,CH,66
2022-06-28,DE,385
2022-06-28,FR,311
2022-06-28,IT,422
2022-06-28,SE,124
2022-06-29,AT,37
2022-06-29,CH,50
2022-06-29,DE,416
2022-06-29,FR,311
2022-06-29,IT,464
2022-06-29,SE,143
2022-06-30,AT,24
2022-06-30,CH,52
2022-06-30,DE,375
2022-06-30,FR,323
2022-06-30,IT,412
2022-06-30,SE,164
2022-07-01,AT,31
2022-07-01,CH,45
2022-07-01,DE,371
2022-07-01,FR,238
2022-07-01,IT,321
2022-07-01,SE,114
2022-07-02,AT,16
2022-07-02,CH,17
2022-07-02,DE,151
2022-07-02,FR,126
2022-07-02,IT,152
2022-07-02,SE,52
2022-07-03,AT,24
2022-07-03,CH,21
2022-07-03,DE,205
2022-07-03,FR,107
2022-07-03,IT,151
2022-07-03,SE,41
2022-07-04,AT,36
2022-07-04,CH,54
2022-07-04,DE,409
2022-07-04,FR,320
2022-07-04,IT,393
2022-07-04,SE,117
2022-07-05,AT,33
2022-07-05,CH,43
2022-07-05,DE,418
2022-07-05,FR,293
2022-07-05,IT,407
2022-07-05,SE,128
2022-07-06,AT,33
2022-07-06,CH,49
2022-07-06,DE,383
2022-07-06,FR,328
2022-07-06,IT,421
2022-07-06,SE,119
2022-07-07,AT,36
2022-07-07,CH,49
2022-07-07,DE,403
2022-07-07,FR,278
2022-07-07,IT,396
2022-07-07,SE,143
2022-07-08,AT,32
2022-07-08,CH,49
2022-07-08,DE,336
2022-07-08,FR,254
2022-07-08,IT,334
2022-07-08,SE,124
2022-07-09,AT,21
2022-07-09,CH,14
2022-07-09,DE,150
2022-07-09,FR,135
2022-07-09,IT,202
2022-07-09,SE,77
2022-07-10,AT,7
2022-07-10,CH,25
2022-07-10,DE,169
2022-07-10,FR,142
2022-07-10,IT,162
2022-07-10,SE,70
2022-07-11,AT,32
2022-07-11,CH,51
2022-07-11,DE,396
2022-07-11,FR,332
2022-07-11,IT,411
2022-07-11,SE,141
2022-07-12,AT,31
2022-07-12,CH,55
2022-07-12,DE,365
2022-07-12,FR,334
2022-07-12,IT,444
2022-07-12,SE,123
2022-07-13,AT,31
2022-07-13,CH,64
2022-07-13,DE,373
2022-07-13,FR,311
2022-07-13,IT,401
2022-07-13,SE,98
2022-07-14,AT,27
2022-07-14,CH,50
2022-07-14,DE,361
2022-07-14,FR,162
2022-07-14,IT,371
2022-07-14,SE,109
2022-07-15,AT,29
2022-07-15,CH,46
2022-07-15,DE,334
2022-07-15,FR,237
2022-07-15,IT,372
2022-07-15,SE,106
2022-07-16,AT,17
2022-07-16,CH,13
2022-07-16,DE,142
2022-07-16,FR,125
2022-07-16,IT,202
2022-07-16,SE,37
2022-07-17,AT,21
2022-07-17,CH,22
2022-07-17,DE,158
2022-07-17,FR,118
2022-07-17,IT,215
2022-07-17,SE,66
2022-07-18,AT,33
2022-07-18,CH,49
2022-07-18,DE,404
2022-07-18,FR,320
2022-07-18,IT,405
2022-07-18,SE,109
2022-07-19,AT,38
2022-07-19,CH,55
2022-07-19,DE,333
2022-07-19,FR,335
2022-07-19,IT,425
2022-07-19,SE,100
2022-07-20,AT,42
2022-07-20,CH,48
2022-07-20,DE,349
2022-07-20,FR,320
2022-07-20,IT,395
2022-07-20,SE,72
2022-07-21,AT,47
2022-07-21,CH,49
2022-07-21,DE,349
2022-07-21,FR,303
2022-07-21,IT,369
2022-07-21,SE,82
2022-07-22,AT,24
2022-07-22,CH,49
2022-07-22,DE,299
2022-07-22,FR,282
2022-07-22,IT,366
2022-07-22,SE,95
2022-07-23,AT,12
2022-07-23,CH,17
2022-07-23,DE,146
2022-07-23,FR,121
2022-07-23,IT,211
2022-07-23,SE,47
2022-07-24,AT,13
2022-07-24,CH,32
2022-07-24,DE,155
2022-07-24,FR,127
2022-07-24,IT,156
2022-07-24,SE,51
2022-07-25,AT,42
2022-07-25,CH,45
2022-07-25,DE,391
2022-07-25,FR,299
2022-07-25,IT,354
2022-07-25,SE,108
2022-07-26,AT,42
2022-07-26,CH,65
2022-07-26,DE,378
2022-07-26,FR,297
2022-07-26,IT,380
2022-07-26,SE,102
2022-07-27,AT,46
2022-07-27,CH,53
2022-07-27,DE,325
2022-07-27,FR,280
2022-07-27,IT,401
2022-07-27,SE,104
2022-07-28,AT,45
2022-07-28,CH,64
2022-07-28,DE,340
2022-07-28,FR,296
2022-07-28,IT,404
2022-07-28,SE,86
2022-07-29,AT,27
2022-07-29,CH,40
2022-07-29,DE,273
2022-07-29,FR,232
2022-07-29,IT,383
2022-07-29,SE,75
2022-07-30,AT,17
2022-07-30,CH,23
2022-07-30,DE,139
2022-07-30,FR,98
2022-07-30,IT,181
2022-07-30,SE,37
2022-07-31,AT,12
2022-07-31,CH,15
2022-07-31,DE,143
2022-07-31,FR,103
2022-07-31,IT,179
2022-07-31,SE,46
2022-08-01,AT,31
2022-08-01,CH,32
2022-08-01,DE,373
2022-08-01,FR,298
2022-08-01,IT,373
2022-08-01,SE,118
2022-08-02,AT,33
2022-08-02,CH,53
2022-08-02,DE,359
2022-08-02,FR,266
2022-08-02,IT,429
2022-08-02,SE,105
2022-08-03,AT,34
2022-08-03,CH,42
2022-08-03,DE,364
2022-08-03,FR,248
2022-08-03,IT,359
2022-08-03,SE,86
2022-08-04,AT,31
2022-08-04,CH,38
2022-08-04,DE,374
2022-08-04,FR,255
2022-08-04,IT,359
2022-08-04,SE,108
2022-08-05,AT,25
2022-08-05,CH,47
2022-08-05,DE,304
2022-08-05,FR,230
2022-08-05,IT,341
2022-08-05,SE,91
2022-08-06,AT,21
2022-08-06,CH,32
2022-08-06,DE,156
2022-08-06,FR,110
2022-08-06,IT,161
2022-08-06,SE,50
2022-08-07,AT,20
2022-08-07,CH,31
2022-08-07,DE,148
2022-08-07,FR,104
2022-08-07,IT,141
2022-08-07,SE,41
2022-08-08,AT,38
2022-08-08,CH,56
2022-08-08,DE,375
2022-08-08,FR,252
2022-08-08,IT,307
2022-08-08,SE,138
2022-08-09,AT,26
2022-08-09,CH,57
2022-08-09,DE,358
2022-08-09,FR,266
2022-08-09,IT,330
2022-08-09,SE,112
2022-08-10,AT,32
2022-08-10,CH,52
2022-08-10,DE,379
2022-08-10,FR,241
2022-08-10,IT,301
2022-08-10,SE,125
2022-08-11,AT,38
2022-08-11,CH,49
2022-08-11,DE,398
2022-08-11,FR,267
2022-08-11,IT,308
2022-08-11,SE,101
2022-08-12,AT,24
2022-08-12,CH,47
2022-08-12,DE,309
2022-08-12,FR,190
2022-08-12,IT,270
2022-08-12,SE,100
2022-08-13,AT,11
2022-08-13,CH,24
2022-08-13,DE,135
2022-08-13,FR,142
2022-08-13,IT,171
2022-08-13,SE,38
2022-08-14,AT,13
2022-08-14,CH,28
2022-08-14,DE,143
2022-08-14,FR,149
2022-08-14,IT,143
2022-08-14,SE,44
2022-08-15,AT,14
2022-08-15,CH,54
2022-08-15,DE,358
2022-08-15,FR,154
2022-08-15,IT,122
2022-08-15,SE,150
2022-08-16,AT,44
2022-08-16,CH,44
2022-08-16,DE,382
2022-08-16,FR,271
2022-08-16,IT,255
2022-08-16,SE,144
2022-08-17,AT,47
2022-08-17,CH,56
2022-08-17,DE,380
2022-08-17,FR,242
2022-08-17,IT,279
2022-08-17,SE,138
2022-08-18,AT,35
2022-08-18,CH,53
2022-08-18,DE,353
2022-08-18,FR,278
2022-08-18,IT,253
2022-08-18,SE,124
2022-08-19,AT,32
2022-08-19,CH,42
2022-08-19,DE,337
2022-08-19,FR,216
2022-08-19,IT,223
2022-08-19,SE,129
2022-08-20,AT,22
2022-08-20,CH,33
2022-08-20,DE,135
2022-08-20,FR,112
2022-08-20,IT,166
2022-08-20,SE,52
2022-08-21,AT,21
2022-08-21,CH,25
2022-08-21,DE,175
2022-08-21,FR,135
2022-08-21,IT,162
2022-08-21,SE,63
2022-08-22,AT,33
2022-08-22,CH,56
2022-08-22,DE,382
2022-08-22,FR,282
2022-08-22,IT,303
2022-08-22,SE,154
2022-08-23,AT,35
2022-08-23,CH,67
2022-08-23,DE,363
2022-08-23,FR,283
2022-08-23,IT,294
2022-08-23,SE,142
2022-08-24,AT,36
2022-08-24,CH,73
2022-08-24,DE,380
2022-08-24,FR,297
2022-08-24,IT,308
2022-08-24,SE,139
2022-08-25,AT,35
2022-08-25,CH,44
2022-08-25,DE,357
2022-08-25,FR,289
2022-08-25,IT,298
2022-08-25,SE,148
2022-08-26,AT,32
2022-08-26,CH,48
2022-08-26,DE,292
2022-08-26,FR,252
2022-08-26,IT,272
2022-08-26,SE,101
2022-08-27,AT,23
2022-08-27,CH,57
2022-08-27,DE,134
2022-08-27,FR,127
2022-08-27,IT,152
2022-08-27,SE,41
2022-08-28,AT,17
2022-08-28,CH,61
2022-08-28,DE,170
2022-08-28,FR,112
2022-08-28,IT,132
2022-08-28,SE,51
2022-08-29,AT,37
2022-08-29,CH,76
2022-08-29,DE,400
2022-08-29,FR,299
2022-08-29,IT,313
2022-08-29,SE,144
2022-08-30,AT,42
2022-08-30,CH,62
2022-08-30,DE,368
2022-08-30,FR,289
2022-08-30,IT,340
2022-08-30,SE,146
2022-08-31,AT,39
2022-08-31,CH,64
2022-08-31,DE,371
2022-08-31,FR,278
2022-08-31,IT,332
2022-08-31,SE,135
2022-09-01,AT,42
2022-09-01,CH,46
2022-09-01,DE,354
2022-09-01,FR,276
2022-09-01,IT,313
2022-09-01,SE,122
2022-09-02,AT,30
2022-09-02,CH,48
2022-09-02,DE,336
2022-09-02,FR,241
2022-09-02,IT,343
2022-09-02,SE,138
2022-09-03,AT,25
2022-09-03,CH,32
2022-09-03,DE,155
2022-09-03,FR,140
2022-09-03,IT,162
2022-09-03,SE,55
2022-09-04,AT,24
2022-09-04,CH,32
2022-09-04,DE,164
2022-09-04,FR,108
2022-09-04,IT,183
2022-09-04,SE,51
2022-09-05,AT,42
2022-09-05,CH,65
2022-09-05,DE,346
2022-09-05,FR,312
2022-09-05,IT,397
2022-09-05,SE,156
2022-09-06,AT,50
2022-09-06,CH,59
2022-09-06,DE,369
2022-09-06,FR,312
2022-09-06,IT,451
2022-09-06,SE,159
2022-09-07,AT,42
2022-09-07,CH,65
2022-09-07,DE,394
2022-09-07,FR,366
2022-09-07,IT,413
2022-09-07,SE,168
2022-09-08,AT,33
2022-09-08,CH,52
2022-09-08,DE,396
2022-09-08,FR,335
2022-09-08,IT,407
2022-09-08,SE,132
2022-09-09,AT,29
2022-09-09,CH,47
2022-09-09,DE,349
2022-09-09,FR,281
2022-09-09,IT,397
2022-09-09,SE,148
2022-09-10,AT,15
2022-09-10,CH,28
2022-09-10,DE,149
2022-09-10,FR,154
2022-09-10,IT,219
2022-09-10,SE,60
2022-09-11,AT,16
2022-09-11,CH,30
2022-09-11,DE,165
2022-09-11,FR,147
2022-09-11,IT,156
2022-09-11,SE,57
2022-09-12,AT,36
2022-09-12,CH,63
2022-09-12,DE,369
2022-09-12,FR,342
2022-09-12,IT,413
2022-09-12,SE,162
2022-09-13,AT,34
2022-09-13,CH,65
2022-09-13,DE,378
2022-09-13,FR,343
2022-09-13,IT,442
2022-09-13,SE,159
2022-09-14,AT,35
2022-09-14,CH,58
2022-09-14,DE,393
2022-09-14,FR,299
2022-09-14,IT,468
2022-09-14,SE,149
2022-09-15,AT,36
2022-09-15,CH,70
2022-09-15,DE,393
2022-09-15,FR,294
2022-09-15,IT,465
2022-09-15,SE,151
2022-09-16,AT,39
2022-09-16,CH,64
2022-09-16,DE,346
2022-09-16,FR,285
2022-09-16,IT,407
2022-09-16,SE,161
2022-09-17,AT,19
2022-09-17,CH,27
2022-09-17,DE,191
2022-09-17,FR,140
2022-09-17,IT,255
2022-09-17,SE,57
2022-09-18,AT,23
2022-09-18,CH,20
2022-09-18,DE,204
2022-09-18,FR,144
2022-09-18,IT,226
2022-09-18,SE,68
2022-09-19,AT,43
2022-09-19,CH,49
2022-09-19,DE,384
2022-09-19,FR,352
2022-09-19,IT,489
2022-09-19,SE,185
2022-09-20,AT,49
2022-09-20,CH,64
2022-09-20,DE,373
2022-09-20,FR,347
2022-09-20,IT,499
2022-09-20,SE,156
2022-09-21,AT,34
2022-09-21,CH,59
2022-09-21,DE,379
2022-09-21,FR,348
2022-09-21,IT,490
2022-09-21,SE,173
2022-09-22,AT,35
2022-09-22,CH,55
2022-09-22,DE,355
2022-09-22,FR,360
2022-09-22,IT,513
2022-09-22,SE,154
2022-09-23,AT,28
2022-09-23,CH,47
2022-09-23,DE,341
2022-09-23,FR,284
2022-09-23,IT,449
2022-09-23,SE,133
2022-09-24,AT,18
2022-09-24,CH,23
2022-09-24,DE,180
2022-09-24,FR,129
2022-09-24,IT,206
2022-09-24,SE,34
2022-09-25,AT,18
2022-09-25,CH,29
2022-09-25,DE,173
2022-09-25,FR,114
2022-09-25,IT,191
2022-09-25,SE,50
2022-09-26,AT,42
2022-09-26,CH,68
2022-09-26,DE,413
2022-09-26,FR,348
2022-09-26,IT,440
2022-09-26,SE,136
2022-09-27,AT,42
2022-09-27,CH,55
2022-09-27,DE,416
2022-09-27,FR,309
2022-09-27,IT,458
2022-09-27,SE,174
2022-09-28,AT,40
2022-09-28,CH,55
2022-09-28,DE,378
2022-09-28,FR,322
2022-09-28,IT,498
2022-09-28,SE,140
2022-09-29,AT,46
2022-09-29,CH,65
2022-09-29,DE,380
2022-09-29,FR,375
2022-09-29,IT,777
2022-09-29,SE,136
2022-09-30,AT,43
2022-09-30,CH,47
2022-09-30,DE,363
2022-09-30,FR,351
2022-09-30,IT,927
2022-09-30,SE,129
2022-10-01,AT,21
2022-10-01,CH,29
2022-10-01,DE,177
2022-10-01,FR,157
2022-10-01,IT,484
2022-10-01,SE,62
2022-10-02,AT,26
2022-10-02,CH,14
2022-10-02,DE,202
2022-10-02,FR,170
2022-10-02,IT,942
2022-10-02,SE,69
2022-10-03,AT,50
2022-10-03,CH,81
2022-10-03,DE,250
2022-10-03,FR,383
2022-10-03,IT,1343
2022-10-03,SE,201
2022-10-04,AT,32
2022-10-04,CH,60
2022-10-04,DE,430
2022-10-04,FR,377
2022-10-04,IT,1061
2022-10-04,SE,175
2022-10-05,AT,48
2022-10-05,CH,54
2022-10-05,DE,376
2022-10-05,FR,340
2022-10-05,IT,1041
2022-10-05,SE,164
2022-10-06,AT,34
2022-10-06,CH,56
2022-10-06,DE,421
2022-10-06,FR,362
2022-10-06,IT,1256
2022-10-06,SE,159
2022-10-07,AT,36
2022-10-07,CH,40
2022-10-07,DE,329
2022-10-07,FR,300
2022-10-07,IT,1089
2022-10-07,SE,161
2022-10-08,AT,19
2022-10-08,CH,29
2022-10-08,DE,165
2022-10-08,FR,143
2022-10-08,IT,809
2022-10-08,SE,69
2022-10-09,AT,14
2022-10-09,CH,29
2022-10-09,DE,185
2022-10-09,FR,141
2022-10-09,IT,728
2022-10-09,SE,54
2022-10-10,AT,47
2022-10-10,CH,46
2022-10-10,DE,374
2022-10-10,FR,378
2022-10-10,IT,1007
2022-10-10,SE,191
2022-10-11,AT,45
2022-10-11,CH,60
2022-10-11,DE,400
2022-10-11,FR,377
2022-10-11,IT,988
2022-10-11,SE,200
2022-10-12,AT,45
2022-10-12,CH,56
2022-10-12,DE,426
2022-10-12,FR,389
2022-10-12,IT,1208
2022-10-12,SE,160
2022-10-13,AT,35
2022-10-13,CH,65
2022-10-13,DE,399
2022-10-13,FR,354
2022-10-13,IT,1423
2022-10-13,SE,160
2022-10-14,AT,38
2022-10-14,CH,44
2022-10-14,DE,354
2022-10-14,FR,356
2022-10-14,IT,1413
2022-10-14,SE,147
2022-10-15,AT,18
2022-10-15,CH,21
2022-10-15,DE,181
2022-10-15,FR,152
2022-10-15,IT,893
2022-10-15,SE,75
2022-10-16,AT,14
2022-10-16,CH,31
2022-10-16,DE,220
2022-10-16,FR,130
2022-10-16,IT,670
2022-10-16,SE,58
2022-10-17,AT,38
2022-10-17,CH,58
2022-10-17,DE,465
2022-10-17,FR,379
2022-10-17,IT,850
2022-10-17,SE,168
2022-10-18,AT,40
2022-10-18,CH,51
2022-10-18,DE,413
2022-10-18,FR,369
2022-10-18,IT,820
2022-10-18,SE,148
2022-10-19,AT,34
2022-10-19,CH,59
2022-10-19,DE,383
2022-10-19,FR,305
2022-10-19,IT,947
2022-10-19,SE,147
2022-10-20,AT,36
2022-10-20,CH,59
2022-10-20,DE,395
2022-10-20,FR,341
2022-10-20,IT,877
2022-10-20,SE,146
2022-10-21,AT,35
2022-10-21,CH,49
2022-10-21,DE,360
2022-10-21,FR,290
2022-10-21,IT,809
2022-10-21,SE,117
2022-10-22,AT,18
2022-10-22,CH,24
2022-10-22,DE,168
2022-10-22,FR,120
2022-10-22,IT,533
2022-10-22,SE,38
2022-10-23,AT,9
2022-10-23,CH,25
2022-10-23,DE,162
2022-10-23,FR,106
2022-10-23,IT,547
2022-10-23,SE,56
2022-10-24,AT,36
2022-10-24,CH,58
2022-10-24,DE,395
2022-10-24,FR,316
2022-10-24,IT,738
2022-10-24,SE,170
2022-10-25,AT,36
2022-10-25,CH,59
2022-10-25,DE,407
2022-10-25,FR,323
2022-10-25,IT,749
2022-10-25,SE,167
2022-10-26,AT,27
2022-10-26,CH,67
2022-10-26,DE,432
2022-10-26,FR,279
2022-10-26,IT,806
2022-10-26,SE,140
2022-10-27,AT,40
2022-10-27,CH,69
2022-10-27,DE,351
2022-10-27,FR,295
2022-10-27,IT,714
2022-10-27,SE,142
2022-10-28,AT,24
2022-10-28,CH,46
2022-10-28,DE,334
2022-10-28,FR,267
2022-10-28,IT,651
2022-10-28,SE,153
2022-10-29,AT,14
2022-10-29,CH,23
2022-10-29,DE,169
2022-10-29,FR,108
2022-10-29,IT,474
2022-10-29,SE,51
2022-10-30,AT,19
2022-10-30,CH,19
2022-10-30,DE,159
2022-10-30,FR,116
2022-10-30,IT,433
2022-10-30,SE,59
2022-10-31,AT,28
2022-10-31,CH,68
2022-10-31,DE,301
2022-10-31,FR,241
2022-10-31,IT,583
2022-10-31,SE,166
2022-11-01,AT,19
2022-11-01,CH,56
2022-11-01,DE,319
2022-11-01,FR,154
2022-11-01,IT,517
2022-11-01,SE,160
2022-11-02,AT,39
2022-11-02,CH,51
2022-11-02,DE,367
2022-11-02,FR,324
2022-11-02,IT,674
2022-11-02,SE,143
2022-11-03,AT,40
2022-11-03,CH,66
2022-11-03,DE,403
2022-11-03,FR,301
2022-11-03,IT,695
2022-11-03,SE,143
2022-11-04,AT,28
2022-11-04,CH,49
2022-11-04,DE,364
2022-11-04,FR,302
2022-11-04,IT,834
2022-11-04,SE,115
2022-11-05,AT,19
2022-11-05,CH,32
2022-11-05,DE,186
2022-11-05,FR,128
2022-11-05,IT,1066
2022-11-05,SE,54
2022-11-06,AT,23
2022-11-06,CH,186
2022-11-06,DE,191
2022-11-06,FR,123
2022-11-06,IT,1152
2022-11-06,SE,65
2022-11-07,AT,42
2022-11-07,CH,68
2022-11-07,DE,397
2022-11-07,FR,328
2022-11-07,IT,1521
2022-11-07,SE,175
2022-11-08,AT,31
2022-11-08,CH,73
2022-11-08,DE,400
2022-11-08,FR,305
2022-11-08,IT,1282
2022-11-08,SE,155
2022-11-09,AT,36
2022-11-09,CH,62
2022-11-09,DE,381
2022-11-09,FR,328
2022-11-09,IT,1388
2022-11-09,SE,177
2022-11-10,AT,37
2022-11-10,CH,236
2022-11-10,DE,391
2022-11-10,FR,307
2022-11-10,IT,1368
2022-11-10,SE,137
2022-11-11,AT,30
2022-11-11,CH,52
2022-11-11,DE,349
2022-11-11,FR,151
2022-11-11,IT,1341
2022-11-11,SE,149
2022-11-12,AT,15
2022-11-12,CH,33
2022-11-12,DE,174
2022-11-12,FR,122
2022-11-12,IT,1333
2022-11-12,SE,51
2022-11-13,AT,14
2022-11-13,CH,42
2022-11-13,DE,165
2022-11-13,FR,110
2022-11-13,IT,1238
2022-11-13,SE,50
2022-11-14,AT,45
2022-11-14,CH,76
2022-11-14,DE,395
2022-11-14,FR,337
2022-11-14,IT,1423
2022-11-14,SE,186
2022-11-15,AT,41
2022-11-15,CH,81
2022-11-15,DE,412
2022-11-15,FR,357
2022-11-15,IT,1449
2022-11-15,SE,154
